,PTS,PTS,PTS,Smart,Smart,Smart,Classic,Classic,Classic
test, rrt iteration, number of waypoints, distance to goal (PTS), rrt iteration, number of waypoints, distance to goal, rrt iteration, number of waypoints, distance to goal
1,411,0,193.585,719,0,195.564,617,0,212.476
1,412,52,193.585,720,55,195.564,618,59,212.476
1,413,52,193.585,721,55,195.564,619,59,212.476
1,414,52,193.585,722,55,195.564,620,59,212.476
1,415,52,193.585,723,55,195.564,621,59,212.476
1,416,52,193.585,724,55,195.564,622,59,212.476
1,417,52,193.585,725,55,195.564,623,59,212.476
1,418,52,193.585,726,55,195.564,624,59,212.476
1,419,52,193.585,727,55,195.564,625,59,212.476
1,420,52,193.585,728,55,195.564,626,59,212.476
1,421,52,193.585,729,55,195.564,627,59,212.476
1,422,52,193.585,730,55,195.564,628,59,212.476
1,423,52,193.585,731,55,195.564,629,59,212.476
1,424,52,193.585,732,55,195.564,630,59,212.476
1,425,52,193.585,733,55,195.564,631,59,212.476
1,426,52,193.585,734,55,195.564,632,59,212.476
1,427,52,193.585,735,55,195.564,633,59,212.476
1,428,52,193.585,736,55,195.564,634,59,212.476
1,429,52,193.585,737,55,195.564,635,59,212.476
1,430,52,193.585,738,55,195.564,636,59,212.476
1,431,52,193.585,739,55,195.564,637,59,212.476
1,432,52,193.585,740,55,195.564,638,59,212.476
1,433,52,193.585,741,55,195.564,639,59,212.476
1,434,52,193.585,742,55,195.564,640,59,212.476
1,435,52,193.585,743,55,195.564,641,59,212.476
1,436,52,193.585,744,55,195.564,642,59,212.476
1,437,52,193.585,745,55,195.564,643,59,212.476
1,438,52,193.585,746,55,195.564,644,59,212.476
1,439,52,193.585,747,55,195.564,645,59,212.476
1,440,51,193.585,748,55,195.564,646,59,212.476
1,441,51,193.585,749,55,195.564,647,59,212.476
1,442,51,193.585,750,55,195.564,648,59,212.476
1,443,51,193.585,751,55,195.564,649,59,212.476
1,444,51,193.585,752,55,195.564,650,59,212.476
1,445,51,193.585,753,55,195.564,651,59,212.476
1,446,51,193.585,754,55,195.564,652,58,212.476
1,447,51,193.585,755,55,195.564,653,58,212.476
1,448,51,193.585,756,55,195.564,654,58,212.476
1,449,51,193.585,757,55,195.564,655,58,212.476
1,450,51,193.585,758,55,195.564,656,58,212.476
1,451,51,193.585,759,55,195.564,657,58,212.476
1,452,51,193.585,760,55,195.564,658,58,212.476
1,453,51,193.585,761,55,195.564,659,58,212.476
1,454,51,193.585,762,55,195.564,660,58,212.476
1,455,51,193.585,763,55,195.564,661,58,212.476
1,456,51,193.585,764,55,195.564,662,58,212.476
1,457,51,193.585,765,55,195.564,663,58,212.476
1,458,51,193.585,766,55,195.564,664,58,212.476
1,459,51,193.585,767,55,195.564,665,58,212.476
1,460,51,193.585,768,55,195.564,666,58,212.476
1,461,51,193.585,769,55,195.564,667,58,212.476
1,462,51,193.585,770,55,195.564,668,58,210.864
1,463,51,193.585,771,55,195.564,669,58,210.864
1,464,51,193.585,772,55,195.564,670,58,210.864
1,465,51,193.585,773,55,195.564,671,58,210.864
1,466,51,193.585,774,55,195.564,672,58,210.864
1,467,51,193.585,775,55,195.564,673,58,210.864
1,468,51,193.585,776,55,195.564,674,58,210.864
1,469,51,193.585,777,55,195.564,675,58,210.864
1,470,51,193.585,778,55,195.564,676,58,210.864
1,471,51,193.585,779,55,195.564,677,58,210.864
1,472,51,193.585,780,55,195.564,678,58,210.864
1,473,51,193.582,781,55,195.564,679,58,210.864
1,474,51,193.582,782,55,195.564,680,58,210.864
1,475,51,193.582,783,55,195.564,681,58,210.864
1,476,51,193.582,784,55,195.564,682,58,210.864
1,477,51,193.582,785,55,195.564,683,58,210.864
1,478,51,193.582,786,55,195.564,684,58,210.864
1,479,51,193.582,787,55,195.564,685,58,210.864
1,480,51,193.582,788,55,195.564,686,58,210.864
1,481,50,193.582,789,55,195.564,687,58,210.864
1,482,50,193.582,790,55,195.564,688,58,210.864
1,483,50,193.582,791,55,195.564,689,58,210.864
1,484,50,193.582,792,55,195.564,690,58,210.864
1,485,50,193.582,793,55,195.564,691,58,210.864
1,486,50,193.582,794,55,195.564,692,58,210.864
1,487,50,193.582,795,55,195.564,693,58,210.864
1,488,50,193.582,796,55,195.564,694,58,210.864
1,489,50,193.582,797,55,195.564,695,58,210.864
1,490,50,193.582,798,55,195.564,696,58,210.864
1,491,50,193.582,799,55,195.564,697,58,210.864
1,492,50,193.582,800,55,195.564,698,58,210.864
1,493,50,193.582,801,55,195.564,699,58,210.864
1,494,50,193.582,802,55,195.564,700,58,210.864
1,495,50,193.582,803,55,195.564,701,58,210.864
1,496,50,193.582,804,55,195.564,702,58,210.864
1,497,50,193.582,805,55,195.564,703,58,210.864
1,498,50,193.582,806,55,195.564,704,58,210.864
1,499,50,193.582,807,55,195.564,705,58,210.864
1,500,50,193.582,808,55,195.564,706,58,210.864
1,501,50,193.582,809,55,195.564,707,58,210.864
1,502,50,193.582,810,55,195.564,708,58,210.864
1,503,50,193.582,811,55,195.564,709,58,210.864
1,504,50,191.14,812,55,195.564,710,58,210.864
1,505,50,191.14,813,55,195.564,711,58,210.864
1,506,50,191.14,814,55,195.564,712,58,210.864
1,507,50,191.14,815,55,195.564,713,58,210.864
1,508,50,191.14,816,55,195.564,714,58,210.864
1,509,50,191.14,817,55,195.564,715,58,210.864
1,510,50,191.14,818,55,195.564,716,58,210.864
1,511,50,191.14,819,55,195.564,717,58,210.864
1,512,50,191.14,820,55,195.564,718,58,210.864
1,513,50,191.14,821,55,195.564,719,58,210.864
1,514,50,191.14,822,55,195.564,720,58,210.864
1,515,50,191.14,823,55,195.564,721,58,210.864
1,516,50,191.14,824,55,195.564,722,58,210.864
1,517,50,191.14,825,55,195.564,723,58,210.864
1,518,50,191.14,826,55,195.564,724,58,210.864
1,519,50,191.14,827,55,195.564,725,58,210.864
1,520,50,191.14,828,55,195.564,726,58,210.864
1,521,50,191.14,829,55,195.564,727,58,210.473
1,522,50,191.14,830,55,195.564,728,58,210.473
1,523,50,190.275,831,55,195.564,729,58,210.473
1,524,50,190.275,832,55,195.564,730,58,210.473
1,525,50,190.275,833,55,195.564,731,58,210.473
1,526,50,190.275,834,55,195.564,732,58,210.473
1,527,50,190.275,835,55,195.169,733,58,210.473
1,528,50,190.275,836,55,195.169,734,58,210.473
1,529,50,190.275,837,55,195.169,735,58,210.473
1,530,50,190.275,838,55,195.169,736,58,210.473
1,531,50,190.275,839,55,195.169,737,58,210.473
1,532,50,190.275,840,55,195.169,738,58,210.473
1,533,50,190.275,841,55,194.672,739,58,210.473
1,534,50,190.275,842,55,194.672,740,58,210.473
1,535,50,190.275,843,55,194.672,741,58,210.473
1,536,50,190.275,844,55,194.672,742,58,210.473
1,537,50,190.275,845,55,194.672,743,58,210.473
1,538,50,190.275,846,55,194.672,744,58,210.473
1,539,50,190.275,847,55,194.672,745,58,210.473
1,540,50,190.275,848,55,194.672,746,58,210.473
1,541,50,190.275,849,55,194.672,747,58,210.473
1,542,50,190.275,850,55,194.672,748,58,210.473
1,543,50,190.275,851,55,194.672,749,58,210.473
1,544,50,190.275,852,55,194.672,750,58,210.473
1,545,50,190.275,853,55,194.672,751,58,210.473
1,546,50,190.275,854,55,194.672,752,58,210.464
1,547,50,190.275,855,55,194.672,753,58,210.464
1,548,50,190.275,856,55,194.672,754,58,210.464
1,549,50,190.275,857,55,194.672,755,58,210.464
1,550,50,190.275,858,55,194.672,756,58,210.464
1,551,50,190.275,859,55,194.672,757,58,210.464
1,552,50,190.275,860,55,194.672,758,58,210.464
1,553,50,190.275,861,55,194.672,759,58,210.464
1,554,50,190.275,862,55,194.672,760,58,210.464
1,555,50,190.275,863,55,194.672,761,58,210.464
1,556,50,190.275,864,55,194.672,762,58,210.464
1,557,50,190.275,865,55,193.618,763,58,210.464
1,558,50,190.275,866,55,193.618,764,58,210.464
1,559,50,190.275,867,55,193.618,765,58,210.464
1,560,50,190.275,868,55,193.618,766,58,210.464
1,561,50,190.275,869,55,193.618,767,58,210.464
1,562,50,190.275,870,55,193.618,768,58,210.464
1,563,50,190.275,871,55,193.618,769,58,210.464
1,564,50,190.275,872,55,193.618,770,58,210.464
1,565,50,190.275,873,55,193.618,771,58,210.464
1,566,50,190.275,874,55,193.618,772,58,210.464
1,567,50,190.275,875,55,193.618,773,58,210.464
1,568,50,189.399,876,55,192.921,774,58,210.464
1,569,51,189.399,877,55,192.921,775,58,210.464
1,570,51,189.399,878,55,192.921,776,58,210.464
1,571,51,189.399,879,55,192.921,777,58,210.464
1,572,51,189.399,880,55,192.921,778,58,210.464
1,573,51,188.009,881,55,192.921,779,58,210.464
1,574,52,188.009,882,55,192.921,780,58,210.464
1,575,52,188.009,883,55,192.921,781,58,210.464
1,576,52,188.009,884,55,192.921,782,58,210.464
1,577,52,188.009,885,55,192.921,783,58,210.464
1,578,52,188.009,886,55,192.921,784,58,210.464
1,579,52,188.009,887,55,192.921,785,58,210.464
1,580,52,188.009,888,55,192.921,786,58,210.464
1,581,52,188.009,889,55,192.921,787,58,210.464
1,582,52,188.009,890,55,192.921,788,58,210.464
1,583,52,188.009,891,55,192.921,789,58,210.464
1,584,52,188.009,892,55,192.921,790,58,210.464
1,585,52,188.009,893,55,192.921,791,58,210.463
1,586,52,188.009,894,55,192.921,792,58,210.463
1,587,52,188.009,895,55,192.921,793,58,210.463
1,588,52,188.009,896,55,192.921,794,58,210.463
1,589,52,188.009,897,55,192.921,795,58,210.463
1,590,53,188.009,898,55,192.921,796,58,210.463
1,591,53,188.009,899,55,192.921,797,58,210.463
1,592,53,188.009,900,55,192.921,798,58,210.463
1,593,53,188.009,901,55,192.921,799,58,210.463
1,594,53,188.009,902,55,192.921,800,58,210.463
1,595,53,187.777,903,55,192.921,801,58,210.463
1,596,53,187.777,904,55,192.921,802,58,210.463
1,597,53,187.777,905,55,192.921,803,58,210.463
1,598,53,187.777,906,55,192.921,804,58,210.463
1,599,53,187.777,907,55,192.921,805,58,210.463
1,600,53,187.777,908,55,192.916,806,58,210.463
1,601,53,187.777,909,55,192.916,807,58,210.463
1,602,53,187.777,910,55,192.916,808,58,210.463
1,603,53,187.777,911,55,192.916,809,58,210.463
1,604,53,187.777,912,55,192.916,810,58,210.463
1,605,53,187.777,913,55,192.916,811,58,210.463
1,606,53,187.777,914,55,192.916,812,58,210.463
1,607,53,187.777,915,55,192.916,813,58,210.463
1,608,52,187.777,916,55,192.916,814,58,210.463
1,609,52,187.777,917,55,192.916,815,58,210.463
1,610,52,187.777,918,55,192.916,816,58,210.463
1,611,52,187.777,919,55,192.916,817,58,210.463
1,612,52,187.777,920,55,192.916,818,58,210.463
1,613,52,187.777,921,55,192.916,819,58,210.463
1,614,52,187.777,922,55,192.916,820,58,210.463
1,615,53,187.777,923,55,192.916,821,58,210.463
1,616,53,187.777,924,55,192.916,822,58,210.463
1,617,53,187.777,925,55,192.916,823,58,210.463
1,618,53,187.777,926,55,192.916,824,58,210.463
1,619,53,187.777,927,55,192.916,825,58,210.463
1,620,53,187.777,928,55,192.916,826,58,210.463
1,621,53,187.777,929,55,192.916,827,58,210.463
1,622,53,186.151,930,55,192.916,828,58,210.463
1,623,52,186.151,931,55,192.916,829,58,210.463
1,624,52,186.151,932,55,192.916,830,58,210.463
1,625,51,186.151,933,55,192.916,831,58,210.463
1,626,51,186.151,934,55,192.916,832,58,210.463
1,627,51,186.151,935,55,192.916,833,58,210.463
1,628,51,186.151,936,54,192.916,834,58,210.463
1,629,51,186.151,937,54,192.916,835,58,210.463
1,630,51,186.151,938,54,192.916,836,58,210.463
1,631,51,186.151,939,54,192.916,837,58,210.463
1,632,51,186.151,940,54,192.916,838,58,210.463
1,633,51,186.151,941,54,192.916,839,58,210.463
1,634,51,186.151,942,54,192.916,840,58,210.463
1,635,51,186.151,943,54,192.916,841,58,210.463
1,636,51,186.151,944,54,192.916,842,58,210.463
1,637,51,186.151,945,54,192.916,843,58,210.463
1,638,51,186.151,946,54,192.916,844,58,210.463
1,639,51,186.151,947,54,192.479,845,58,210.463
1,640,51,186.151,948,54,192.479,846,58,210.463
1,641,51,186.151,949,54,192.479,847,58,210.463
1,642,51,186.151,950,54,192.479,848,58,210.463
1,643,51,186.151,951,54,192.479,849,58,210.463
1,644,50,186.151,952,54,192.479,850,58,210.463
1,645,50,184.931,953,54,192.479,851,58,210.463
1,646,50,184.931,954,54,192.479,852,58,210.463
1,647,50,184.931,955,54,192.479,853,58,210.463
1,648,50,184.931,956,54,192.479,854,58,210.463
1,649,50,184.931,957,54,192.479,855,58,210.463
1,650,50,184.931,958,54,192.479,856,58,210.463
1,651,50,184.931,959,54,192.479,857,58,210.463
1,652,50,184.931,960,54,192.479,858,58,210.463
1,653,50,184.931,961,54,192.479,859,58,210.463
1,654,50,184.931,962,54,192.479,860,58,210.463
1,655,50,184.931,963,54,192.479,861,58,210.463
1,656,50,184.931,964,54,192.479,862,58,210.463
1,657,50,184.931,965,54,192.479,863,58,210.463
1,658,50,184.931,966,54,192.479,864,58,210.463
1,659,50,184.931,967,54,191.492,865,58,210.463
1,660,50,184.931,968,54,191.492,866,58,210.463
1,661,51,184.931,969,54,191.492,867,58,210.463
1,662,51,184.931,970,54,191.492,868,58,210.463
1,663,51,184.931,971,54,191.492,869,58,210.456
1,664,51,184.931,972,54,191.492,870,58,210.456
1,665,51,184.931,973,54,191.492,871,58,210.456
1,666,51,184.931,974,54,191.492,872,58,210.456
1,667,51,184.931,975,54,191.492,873,58,210.456
1,668,51,184.931,976,54,191.492,874,58,210.456
1,669,51,184.931,977,54,191.492,875,58,210.456
1,670,50,184.931,978,54,191.492,876,58,210.456
1,671,50,184.931,979,54,191.492,877,58,210.456
1,672,50,184.931,980,53,191.492,878,58,210.456
1,673,50,184.621,981,53,191.492,879,58,210.456
1,674,50,184.621,982,53,191.492,880,58,210.456
1,675,50,184.621,983,53,191.492,881,58,210.456
1,676,50,184.621,984,53,191.492,882,58,210.456
1,677,50,184.621,985,53,191.492,883,58,210.456
1,678,50,184.621,986,53,191.492,884,58,210.456
1,679,50,184.621,987,53,191.492,885,58,210.456
1,680,50,184.621,988,53,191.492,886,58,210.456
1,681,50,184.621,989,53,191.492,887,58,210.456
1,682,50,184.621,990,53,191.492,888,58,210.456
1,683,50,184.621,991,53,191.492,889,58,210.456
1,684,50,184.621,992,53,191.492,890,58,210.456
1,685,50,184.621,993,53,191.492,891,58,210.456
1,686,50,184.621,994,53,191.492,892,58,210.456
1,687,50,184.621,995,53,191.492,893,58,210.456
1,688,50,184.621,996,53,191.492,894,58,210.456
1,689,50,184.621,997,53,191.492,895,58,210.456
1,690,50,184.621,998,53,191.492,896,58,210.456
1,691,50,184.621,999,53,191.492,897,58,210.456
1,692,50,184.621,1000,53,191.492,898,58,210.456
1,693,50,184.621,1001,53,191.492,899,58,210.456
1,694,50,184.621,1002,53,191.492,900,58,210.456
1,695,50,184.406,1003,53,191.492,901,58,210.456
1,696,50,184.406,1004,53,191.492,902,58,210.456
1,697,50,184.406,1005,53,191.492,903,58,210.456
1,698,50,184.406,1006,53,191.492,904,58,210.456
1,699,50,184.406,1007,53,191.492,905,58,210.456
1,700,50,184.406,1008,53,191.492,906,58,210.456
1,701,50,184.406,1009,52,191.492,907,58,210.456
1,702,50,184.406,1010,52,191.492,908,58,210.456
1,703,51,184.406,1011,52,191.492,909,58,210.456
1,704,51,184.406,1012,52,191.492,910,58,210.456
1,705,51,184.406,1013,52,191.492,911,58,210.456
1,706,51,184.406,1014,52,191.492,912,58,210.456
1,707,51,184.406,1015,52,191.492,913,58,210.456
1,708,51,184.406,1016,52,191.492,914,58,210.456
1,709,51,184.406,1017,52,191.492,915,58,210.456
1,710,51,184.406,1018,52,191.492,916,58,210.456
1,711,51,184.406,1019,52,191.492,917,58,210.456
1,712,51,184.406,1020,52,191.492,918,58,210.456
1,713,50,184.406,1021,52,191.492,919,58,210.456
1,714,51,184.406,1022,52,191.492,920,58,210.456
1,715,51,184.406,1023,52,191.267,921,58,210.456
1,716,51,184.406,1024,52,191.267,922,58,210.456
1,717,51,184.406,1025,52,191.267,923,58,210.456
1,718,51,184.406,1026,52,191.267,924,58,210.456
1,719,51,184.406,1027,52,191.267,925,58,210.456
1,720,51,184.406,1028,52,191.267,926,58,210.456
1,721,51,184.406,1029,52,191.267,927,58,210.456
1,722,51,184.406,1030,52,191.267,928,58,210.456
1,723,51,184.406,1031,52,191.267,929,58,210.456
1,724,51,184.322,1032,52,191.267,930,58,210.456
1,725,51,184.322,1033,52,191.267,931,58,210.456
1,726,51,184.322,1034,52,191.267,932,58,210.456
1,727,51,184.322,1035,52,191.267,933,58,210.456
1,728,51,184.322,1036,52,191.267,934,58,210.456
1,729,51,184.322,1037,52,191.267,935,58,210.456
1,730,51,184.322,1038,52,191.267,936,58,210.456
1,731,51,184.322,1039,52,191.267,937,58,210.456
1,732,51,184.322,1040,52,191.267,938,58,210.456
1,733,51,184.322,1041,52,191.267,939,58,210.456
1,734,50,184.322,1042,52,191.267,940,58,210.456
1,735,50,184.322,1043,52,191.267,941,58,210.456
1,736,50,184.322,1044,52,191.267,942,58,210.456
1,737,50,184.322,1045,52,191.267,943,58,210.456
1,738,50,184.322,1046,52,191.267,944,58,210.456
1,739,50,184.322,1047,52,191.267,945,58,210.456
1,740,50,184.322,1048,52,191.267,946,58,210.456
1,741,50,183.803,1049,52,191.267,947,58,210.456
1,742,50,183.803,1050,52,191.267,948,58,210.456
1,743,50,183.803,1051,52,191.267,949,58,210.456
1,744,50,183.803,1052,52,191.267,950,58,210.456
1,745,50,183.803,1053,52,191.267,951,58,210.456
1,746,50,183.803,1054,52,191.267,952,58,210.456
1,747,50,183.803,1055,52,191.267,953,58,210.456
1,748,50,183.731,1056,52,191.267,954,58,210.456
1,749,50,183.731,1057,52,191.267,955,58,210.456
1,750,49,183.731,1058,52,191.267,956,58,210.456
1,751,49,183.731,1059,52,191.267,957,58,210.456
1,752,49,183.731,1060,52,191.267,958,58,210.456
1,753,49,183.731,1061,52,191.267,959,58,210.456
1,754,49,183.731,1062,52,191.267,960,58,210.456
1,755,49,183.731,1063,52,191.267,961,58,210.456
1,756,49,183.731,1064,52,191.267,962,58,210.456
1,757,49,183.731,1065,52,191.267,963,58,210.456
1,758,49,183.731,1066,52,191.267,964,58,210.456
1,759,49,183.731,1067,52,191.267,965,58,210.456
1,760,49,183.731,1068,52,191.267,966,58,210.456
1,761,49,183.731,1069,52,191.267,967,58,210.456
1,762,49,183.731,1070,52,191.267,968,58,210.456
1,763,49,183.731,1071,52,191.267,969,58,210.456
1,764,49,183.731,1072,52,191.267,970,58,210.456
1,765,49,183.731,1073,52,191.267,971,58,210.456
1,766,49,183.731,1074,52,191.267,972,58,210.456
1,767,49,183.731,1075,52,191.267,973,58,210.456
1,768,49,183.731,1076,52,191.267,974,58,210.456
1,769,49,183.731,1077,52,191.267,975,58,210.456
1,770,49,183.731,1078,52,191.267,976,58,210.456
1,771,49,183.731,1079,52,191.267,977,58,210.456
1,772,49,183.731,1080,52,191.267,978,58,210.456
1,773,49,183.731,1081,52,191.267,979,58,210.456
1,774,49,183.731,1082,52,191.267,980,58,210.456
1,775,49,183.731,1083,52,191.267,981,58,210.456
1,776,48,183.731,1084,52,191.267,982,58,210.456
1,777,48,183.731,1085,52,191.267,983,58,210.456
1,778,48,183.731,1086,52,191.267,984,58,210.456
1,779,48,183.731,1087,52,191.267,985,58,210.456
1,780,48,183.731,1088,52,191.267,986,58,210.456
1,781,48,183.731,1089,52,191.267,987,58,210.456
1,782,48,183.731,1090,52,191.267,988,58,210.456
1,783,48,183.731,1091,52,191.267,989,58,210.456
1,784,48,183.731,1092,53,191.267,990,58,210.456
1,785,48,183.501,1093,53,191.267,991,58,210.456
1,786,48,183.501,1094,53,191.267,992,58,210.456
1,787,48,183.501,1095,53,191.267,993,58,210.456
1,788,48,183.501,1096,53,191.267,994,58,210.456
1,789,48,183.501,1097,53,191.267,995,58,210.456
1,790,48,183.501,1098,53,191.267,996,58,210.456
1,791,48,183.501,1099,53,191.267,997,58,210.456
1,792,48,183.501,1100,53,191.267,998,58,210.456
1,793,48,183.501,1101,53,191.267,999,58,210.456
1,794,48,183.501,1102,53,191.267,1000,58,210.456
1,795,48,183.501,1103,53,191.267,1001,58,210.456
1,796,48,183.501,1104,53,191.267,1002,58,210.456
1,797,48,183.501,1105,53,191.267,1003,58,210.456
1,798,48,183.501,1106,53,191.267,1004,58,210.456
1,799,48,183.501,1107,53,191.267,1005,58,210.456
1,800,48,183.501,1108,53,191.267,1006,58,210.456
1,801,48,183.501,1109,53,191.267,1007,58,210.456
1,802,48,183.501,1110,53,191.267,1008,58,210.456
1,803,48,183.36,1111,53,191.267,1009,58,210.456
1,804,48,183.36,1112,53,191.267,1010,58,210.456
1,805,48,183.36,1113,53,191.267,1011,58,210.456
1,806,48,183.36,1114,53,191.267,1012,58,210.456
1,807,48,183.36,1115,53,191.267,1013,58,210.456
1,808,48,183.36,1116,53,191.267,1014,58,210.456
1,809,48,183.36,1117,53,191.267,1015,58,210.456
1,810,48,183.36,1118,53,191.267,1016,58,210.456
1,811,48,183.36,1119,53,191.267,1017,58,210.456
1,812,48,183.36,1120,53,191.267,1018,58,210.456
1,813,48,183.36,1121,53,191.267,1019,58,210.456
1,814,48,183.36,1122,53,191.267,1020,58,210.456
1,815,48,183.36,1123,53,191.267,1021,58,210.456
1,816,48,183.36,1124,53,191.267,1022,58,210.456
1,817,47,183.36,1125,53,191.267,1023,58,210.456
1,818,47,183.36,1126,53,191.267,1024,58,210.456
1,819,47,183.36,1127,53,191.267,1025,58,210.456
1,820,47,183.36,1128,53,191.267,1026,58,210.456
1,821,47,183.36,1129,53,191.267,1027,58,210.456
1,822,47,183.36,1130,53,191.267,1028,58,210.456
1,823,47,183.36,1131,53,191.267,1029,58,210.456
1,824,47,183.36,1132,53,191.267,1030,58,210.456
1,825,47,183.36,1133,53,191.267,1031,58,210.456
1,826,47,183.36,1134,53,191.267,1032,58,210.456
1,827,48,183.36,1135,53,191.267,1033,58,210.456
1,828,48,183.36,1136,53,191.267,1034,58,210.456
1,829,48,183.36,1137,53,191.267,1035,58,210.456
1,830,48,183.36,1138,53,191.267,1036,58,210.456
1,831,48,183.222,1139,53,191.267,1037,58,210.456
1,832,48,183.222,1140,53,191.267,1038,58,210.456
1,833,48,183.222,1141,53,191.267,1039,58,210.456
1,834,48,183.222,1142,53,191.267,1040,58,210.456
1,835,48,183.222,1143,54,191.267,1041,58,210.456
1,836,48,183.222,1144,54,191.267,1042,58,210.456
1,837,48,183.222,1145,54,191.267,1043,58,210.456
1,838,48,183.222,1146,54,191.267,1044,58,210.456
1,839,48,183.222,1147,54,191.267,1045,58,210.456
1,840,48,183.222,1148,54,191.267,1046,58,210.456
1,841,48,183.222,1149,54,191.267,1047,58,210.456
1,842,48,183.222,1150,54,191.267,1048,58,210.456
1,843,48,183.222,1151,54,191.267,1049,58,210.456
1,844,48,183.222,1152,54,191.263,1050,58,210.456
1,845,48,183.222,1153,54,191.263,1051,58,210.456
1,846,48,183.222,1154,54,191.263,1052,58,210.456
1,847,48,183.222,1155,54,191.263,1053,58,210.456
1,848,48,183.222,1156,54,191.263,1054,58,210.456
1,849,48,183.222,1157,54,191.263,1055,58,210.456
1,850,48,183.222,1158,54,191.263,1056,58,210.456
1,851,48,183.222,1159,54,191.263,1057,58,210.456
1,852,48,183.222,1160,54,191.263,1058,58,210.456
1,853,48,183.222,1161,54,191.263,1059,58,210.456
1,854,48,183.222,1162,54,191.263,1060,58,210.456
1,855,48,183.222,1163,54,191.263,1061,58,210.456
1,856,48,183.222,1164,54,191.263,1062,58,210.456
1,857,48,183.222,1165,54,191.263,1063,58,210.456
1,858,48,183.222,1166,54,191.263,1064,58,210.456
1,859,48,183.222,1167,54,191.263,1065,58,210.456
1,860,48,183.222,1168,54,191.263,1066,58,210.456
1,861,48,183.222,1169,54,191.263,1067,58,210.456
1,862,48,183.222,1170,54,191.263,1068,58,210.456
1,863,48,183.222,1171,53,191.263,1069,58,210.456
1,864,48,183.222,1172,53,191.263,1070,58,210.456
1,865,48,183.222,1173,53,191.263,1071,58,210.456
1,866,48,183.222,1174,53,191.262,1072,58,210.456
1,867,48,183.222,1175,53,191.262,1073,58,210.456
1,868,48,183.222,1176,53,191.262,1074,58,210.456
1,869,48,183.222,1177,53,191.262,1075,58,210.456
1,870,48,183.222,1178,53,191.262,1076,58,210.456
1,871,48,183.222,1179,53,191.262,1077,58,210.456
1,872,48,183.222,1180,53,191.262,1078,58,210.456
1,873,48,183.222,1181,53,191.262,1079,58,210.456
1,874,48,183.222,1182,53,191.262,1080,58,210.456
1,875,48,183.222,1183,53,191.262,1081,58,210.456
1,876,48,183.222,1184,53,191.262,1082,58,210.456
1,877,48,183.222,1185,53,191.262,1083,58,210.456
1,878,48,182.646,1186,53,191.262,1084,58,210.456
1,879,48,182.646,1187,53,191.262,1085,58,210.456
1,880,48,182.646,1188,53,191.262,1086,58,210.456
1,881,48,182.646,1189,53,191.262,1087,58,210.456
1,882,48,182.646,1190,53,191.262,1088,58,210.456
1,883,48,182.646,1191,52,191.262,1089,58,210.456
1,884,48,182.646,1192,52,191.262,1090,58,210.456
1,885,49,182.646,1193,52,191.262,1091,58,210.455
1,886,49,182.646,1194,52,191.262,1092,58,210.455
1,887,49,182.646,1195,52,191.262,1093,58,210.455
1,888,49,182.646,1196,52,191.262,1094,58,210.455
1,889,49,182.646,1197,52,191.262,1095,58,210.455
1,890,49,182.646,1198,52,191.262,1096,58,210.455
1,891,49,182.646,1199,52,191.262,1097,58,210.455
1,892,49,182.646,1200,52,191.262,1098,58,210.455
1,893,49,182.646,1201,52,191.262,1099,58,210.455
1,894,49,182.646,1202,52,191.262,1100,58,210.455
1,895,49,182.646,1203,52,191.262,1101,58,210.455
1,896,49,182.646,1204,52,191.262,1102,58,210.455
1,897,49,182.646,1205,52,191.262,1103,58,210.455
1,898,49,182.646,1206,52,191.262,1104,58,210.455
1,899,49,182.646,1207,52,191.212,1105,58,210.455
1,900,49,182.646,1208,52,191.212,1106,58,210.455
1,901,50,182.646,1209,52,191.212,1107,58,210.455
1,902,50,182.646,1210,52,191.212,1108,58,210.455
1,903,50,182.646,1211,52,191.212,1109,58,210.455
1,904,50,182.646,1212,52,191.212,1110,58,209.933
1,905,50,182.646,1213,52,191.212,1111,58,209.933
1,906,50,182.646,1214,52,191.212,1112,58,209.933
1,907,50,182.646,1215,52,191.212,1113,58,209.933
1,908,50,182.646,1216,52,191.212,1114,58,209.933
1,909,50,182.646,1217,52,191.212,1115,58,209.933
1,910,50,182.646,1218,52,191.212,1116,58,209.933
1,911,50,182.646,1219,52,191.212,1117,58,209.933
1,912,50,182.646,1220,52,191.212,1118,58,209.933
1,913,50,182.646,1221,52,191.212,1119,58,209.933
1,914,50,182.646,1222,52,191.212,1120,58,209.933
1,915,50,182.646,1223,52,191.212,1121,58,209.933
1,916,50,182.646,1224,52,191.212,1122,58,209.933
1,917,50,182.646,1225,52,191.212,1123,58,209.933
1,918,50,182.646,1226,52,191.212,1124,58,209.933
1,919,50,182.646,1227,52,191.212,1125,58,209.933
1,920,50,182.646,1228,52,191.212,1126,58,209.933
1,921,50,182.646,1229,52,191.212,1127,58,209.933
1,922,50,182.646,1230,52,191.131,1128,58,209.933
1,923,51,182.646,1231,52,191.131,1129,58,209.933
1,924,51,182.646,1232,52,191.131,1130,58,209.923
1,925,51,182.646,1233,52,191.131,1131,58,209.923
1,926,51,182.646,1234,52,191.131,1132,58,209.923
1,927,51,182.646,1235,52,191.131,1133,58,209.923
1,928,51,182.646,1236,52,191.131,1134,58,209.923
1,929,51,182.646,1237,52,191.131,1135,58,209.923
1,930,51,182.646,1238,52,191.131,1136,58,209.923
1,931,51,182.646,1239,52,191.131,1137,58,209.923
1,932,51,182.646,1240,52,191.131,1138,58,209.923
1,933,51,182.646,1241,52,191.131,1139,58,209.923
1,934,51,182.343,1242,52,191.131,1140,58,209.923
1,935,51,182.343,1243,52,191.131,1141,58,209.923
1,936,51,182.343,1244,52,191.131,1142,58,209.923
1,937,51,182.343,1245,52,191.131,1143,58,209.923
1,938,51,182.343,1246,52,191.131,1144,58,209.923
1,939,51,182.343,1247,52,191.131,1145,58,209.923
1,940,51,182.343,1248,52,191.131,1146,58,209.923
1,941,51,182.343,1249,52,191.131,1147,58,209.923
1,942,51,182.343,1250,52,191.131,1148,58,209.923
1,943,51,182.343,1251,52,191.131,1149,58,209.923
1,944,51,182.343,1252,52,191.131,1150,58,209.923
1,945,51,182.343,1253,52,191.131,1151,58,209.923
1,946,51,182.343,1254,52,191.131,1152,58,209.923
1,947,51,182.343,1255,52,191.131,1153,58,209.923
1,948,51,182.343,1256,52,191.131,1154,58,209.923
1,949,51,182.343,1257,52,191.131,1155,58,209.923
1,950,51,182.343,1258,52,191.131,1156,58,209.923
1,951,51,182.343,1259,52,191.131,1157,58,209.923
1,952,51,182.343,1260,52,191.131,1158,58,209.923
1,953,51,182.343,1261,52,191.131,1159,58,209.923
1,954,51,182.343,1262,52,191.131,1160,58,209.923
1,955,51,182.343,1263,52,191.131,1161,58,209.923
1,956,51,182.343,1264,52,191.131,1162,58,209.923
1,957,51,182.343,1265,52,191.131,1163,58,209.923
1,958,51,182.343,1266,52,191.131,1164,58,209.923
1,959,51,181.722,1267,52,191.131,1165,58,209.923
1,960,51,181.722,1268,52,191.131,1166,58,209.923
1,961,51,181.722,1269,52,191.131,1167,58,209.923
1,962,51,181.722,1270,52,191.131,1168,58,209.923
1,963,51,181.722,1271,52,191.131,1169,58,209.923
1,964,51,181.722,1272,52,191.131,1170,58,209.923
1,965,51,181.722,1273,52,191.131,1171,58,209.923
1,966,51,181.722,1274,52,191.131,1172,58,209.923
1,967,52,181.722,1275,52,191.131,1173,58,209.923
1,968,52,181.722,1276,52,191.131,1174,58,209.923
1,969,52,181.722,1277,52,191.131,1175,58,209.923
1,970,52,181.722,1278,52,191.131,1176,58,209.923
1,971,52,181.722,1279,52,191.131,1177,58,209.923
1,972,52,181.722,1280,52,191.131,1178,58,209.923
1,973,52,181.722,1281,52,191.131,1179,58,209.923
1,974,52,181.722,1282,52,191.131,1180,58,209.923
1,975,52,181.722,1283,52,191.131,1181,58,209.923
1,976,52,181.722,1284,52,191.131,1182,58,209.923
1,977,52,181.722,1285,52,191.131,1183,58,209.923
1,978,52,181.722,1286,52,191.131,1184,58,209.923
1,979,52,181.722,1287,52,191.131,1185,58,209.923
1,980,52,181.722,1288,52,191.131,1186,58,209.923
1,981,52,181.722,1289,52,191.131,1187,58,209.923
1,982,52,181.614,1290,52,191.131,1188,58,209.923
1,983,52,181.614,1291,52,191.131,1189,58,209.923
1,984,52,181.614,1292,52,191.131,1190,58,209.923
1,985,52,181.614,1293,52,191.131,1191,58,209.923
1,986,52,181.614,1294,52,191.131,1192,58,209.923
1,987,52,181.614,1295,52,191.11,1193,58,209.923
1,988,52,181.614,1296,52,191.11,1194,58,209.923
1,989,52,181.614,1297,52,191.11,1195,58,209.923
1,990,52,181.614,1298,52,191.11,1196,58,209.923
1,991,52,181.614,1299,52,191.11,1197,58,209.923
1,992,52,181.614,1300,52,191.11,1198,58,209.923
1,993,52,181.614,1301,52,191.11,1199,58,209.923
1,994,52,181.614,1302,52,191.11,1200,58,209.923
1,995,52,181.614,1303,52,191.11,1201,58,209.923
1,996,52,181.614,1304,52,191.11,1202,58,209.923
1,997,52,181.614,1305,52,191.11,1203,58,209.923
1,998,52,181.614,1306,52,191.11,1204,58,209.923
1,999,52,181.614,1307,52,191.11,1205,58,209.923
1,1000,52,181.614,1308,52,191.11,1206,58,209.923
1,1001,52,181.614,1309,52,191.11,1207,58,209.923
1,1002,52,181.614,1310,52,191.11,1208,58,209.923
1,1003,52,181.614,1311,52,191.11,1209,58,209.923
1,1004,52,181.614,1312,52,191.11,1210,58,209.923
1,1005,52,181.614,1313,52,191.11,1211,58,209.923
1,1006,51,181.614,1314,52,191.11,1212,58,209.923
1,1007,51,181.614,1315,52,191.11,1213,58,209.923
1,1008,51,181.614,1316,52,191.11,1214,58,209.923
1,1009,51,181.614,1317,52,191.11,1215,58,209.923
1,1010,52,181.614,1318,52,191.11,1216,58,209.923
1,1011,52,181.614,1319,52,191.11,1217,58,209.923
1,1012,52,181.614,1320,52,191.11,1218,58,209.923
1,1013,52,181.614,1321,52,191.11,1219,58,209.923
1,1014,52,181.614,1322,52,191.11,1220,58,209.923
1,1015,51,181.614,1323,52,191.11,1221,58,209.923
1,1016,51,181.614,1324,52,191.11,1222,58,209.923
1,1017,51,181.614,1325,52,191.11,1223,58,209.923
1,1018,51,181.614,1326,52,191.11,1224,58,209.923
1,1019,51,181.614,1327,52,191.11,1225,58,209.923
1,1020,51,181.523,1328,52,191.11,1226,58,209.923
1,1021,51,181.523,1329,52,191.11,1227,58,209.923
1,1022,51,181.523,1330,52,191.11,1228,58,209.923
1,1023,51,181.523,1331,52,191.11,1229,58,209.923
1,1024,51,181.523,1332,52,191.11,1230,58,209.923
1,1025,51,181.523,1333,52,191.11,1231,58,209.923
1,1026,51,181.523,1334,52,191.11,1232,58,209.923
1,1027,51,181.523,1335,52,191.11,1233,58,209.923
1,1028,51,181.392,1336,52,191.11,1234,58,209.923
1,1029,51,181.392,1337,52,191.11,1235,58,209.923
1,1030,51,181.392,1338,52,191.11,1236,58,209.923
1,1031,51,181.392,1339,52,191.11,1237,58,209.923
1,1032,51,181.392,1340,52,191.11,1238,58,209.923
1,1033,51,181.392,1341,52,191.11,1239,58,209.923
1,1034,51,181.392,1342,52,191.11,1240,58,209.923
1,1035,51,181.392,1343,52,191.11,1241,58,209.923
1,1036,51,181.392,1344,52,191.11,1242,58,209.923
1,1037,51,181.392,1345,52,191.11,1243,58,209.923
1,1038,51,181.392,1346,52,191.11,1244,58,209.923
1,1039,51,181.392,1347,52,191.11,1245,58,209.923
1,1040,51,181.392,1348,52,191.11,1246,58,209.923
1,1041,51,181.392,1349,52,191.11,1247,58,209.923
1,1042,51,181.392,1350,52,191.11,1248,58,209.923
1,1043,51,181.392,1351,52,191.11,1249,58,209.923
1,1044,51,181.392,1352,52,191.11,1250,58,209.923
1,1045,51,181.392,1353,52,191.11,1251,58,209.923
1,1046,51,181.392,1354,52,191.11,1252,58,209.923
1,1047,51,181.392,1355,52,191.11,1253,58,209.923
1,1048,51,181.392,1356,52,191.11,1254,58,209.923
1,1049,51,181.392,1357,52,191.11,1255,57,209.923
1,1050,51,181.392,1358,52,191.11,1256,57,209.923
1,1051,51,181.392,1359,52,191.11,1257,57,209.555
1,1052,51,181.392,1360,52,191.11,1258,57,209.555
1,1053,51,181.392,1361,52,191.11,1259,57,209.555
1,1054,51,181.392,1362,52,191.11,1260,57,209.555
1,1055,51,181.392,1363,52,191.11,1261,57,209.555
1,1056,51,181.392,1364,52,191.11,1262,57,209.555
1,1057,51,181.392,1365,52,191.11,1263,57,209.555
1,1058,51,181.392,1366,52,191.11,1264,57,209.555
1,1059,51,181.392,1367,52,191.11,1265,57,209.555
1,1060,51,181.392,1368,52,191.11,1266,57,209.555
1,1061,51,181.392,1369,52,191.11,1267,57,209.555
1,1062,51,181.392,1370,52,191.11,1268,57,209.555
1,1063,51,181.392,1371,52,191.11,1269,57,209.555
1,1064,51,181.392,1372,52,191.11,1270,57,209.555
1,1065,51,181.392,1373,52,191.11,1271,57,209.555
1,1066,51,181.392,1374,52,191.11,1272,57,209.555
1,1067,51,181.392,1375,52,191.11,1273,57,209.555
1,1068,51,181.392,1376,52,191.11,1274,57,209.555
1,1069,51,181.392,1377,52,191.11,1275,57,209.555
1,1070,51,181.392,1378,52,191.11,1276,57,209.555
1,1071,51,181.392,1379,52,191.11,1277,57,209.555
1,1072,51,181.392,1380,52,191.11,1278,57,209.555
1,1073,51,181.392,1381,52,191.11,1279,57,209.555
1,1074,51,181.392,1382,52,191.11,1280,57,209.555
1,1075,51,181.392,1383,52,191.11,1281,57,209.555
1,1076,51,181.392,1384,52,191.11,1282,57,209.555
1,1077,51,181.392,1385,52,191.11,1283,57,208.713
1,1078,51,181.392,1386,52,191.11,1284,57,208.713
1,1079,51,181.392,1387,52,191.11,1285,57,208.713
1,1080,51,181.392,1388,52,191.11,1286,57,208.713
1,1081,49,181.392,1389,52,191.11,1287,57,208.713
1,1082,49,181.392,1390,52,191.11,1288,57,208.713
1,1083,49,181.392,1391,52,191.11,1289,57,208.713
1,1084,49,181.392,1392,52,191.11,1290,57,208.713
1,1085,49,181.212,1393,52,191.11,1291,57,208.713
1,1086,49,181.212,1394,52,191.11,1292,57,208.713
1,1087,49,181.212,1395,52,191.11,1293,57,208.713
1,1088,49,181.212,1396,52,191.11,1294,57,208.713
1,1089,49,181.212,1397,52,191.11,1295,57,208.713
1,1090,49,181.212,1398,52,191.11,1296,57,208.713
1,1091,49,181.212,1399,52,191.11,1297,57,208.713
1,1092,49,181.212,1400,52,191.11,1298,57,208.713
1,1093,49,181.212,1401,52,191.11,1299,57,208.713
1,1094,49,181.212,1402,52,191.11,1300,57,208.713
1,1095,49,181.212,1403,52,191.11,1301,57,208.713
1,1096,49,181.212,1404,52,191.11,1302,57,208.713
1,1097,49,181.212,1405,52,191.11,1303,57,208.713
1,1098,49,181.212,1406,52,191.11,1304,57,208.713
1,1099,49,181.212,1407,52,191.11,1305,57,208.713
1,1100,49,181.212,1408,52,191.11,1306,57,208.713
1,1101,49,181.212,1409,52,191.11,1307,57,208.713
1,1102,49,181.212,1410,52,191.11,1308,57,208.713
1,1103,49,181.212,1411,52,191.11,1309,57,208.713
1,1104,49,181.212,1412,52,191.11,1310,57,208.713
1,1105,49,181.212,1413,52,191.11,1311,57,208.713
1,1106,49,181.212,1414,52,191.11,1312,57,208.713
1,1107,49,181.212,1415,52,191.11,1313,57,208.713
1,1108,49,181.212,1416,52,191.11,1314,57,208.713
1,1109,49,181.212,1417,52,191.11,1315,57,208.713
1,1110,49,181.212,1418,52,191.11,1316,57,208.713
1,1111,49,181.212,1419,52,191.11,1317,57,208.713
1,1112,49,181.212,1420,52,191.11,1318,57,208.713
1,1113,49,181.212,1421,52,191.11,1319,57,208.713
1,1114,49,181.212,1422,52,191.11,1320,57,207.702
1,1115,49,181.212,1423,52,191.11,1321,57,207.702
1,1116,49,181.212,1424,52,191.11,1322,57,207.702
1,1117,49,181.208,1425,52,191.11,1323,57,207.702
1,1118,49,181.208,1426,52,191.11,1324,57,207.702
1,1119,49,181.208,1427,52,191.11,1325,57,207.702
1,1120,49,181.208,1428,52,191.11,1326,57,207.702
1,1121,49,181.208,1429,52,191.11,1327,57,207.702
1,1122,49,181.208,1430,52,191.11,1328,57,207.702
1,1123,48,181.208,1431,52,191.11,1329,57,207.702
1,1124,48,181.208,1432,52,191.11,1330,57,207.702
1,1125,48,181.208,1433,52,191.11,1331,57,207.702
1,1126,48,181.208,1434,52,191.11,1332,57,207.702
1,1127,48,181.208,1435,52,191.11,1333,57,207.702
1,1128,48,181.208,1436,52,191.11,1334,57,207.702
1,1129,48,181.208,1437,52,191.11,1335,57,207.702
1,1130,48,181.208,1438,52,191.11,1336,57,207.702
1,1131,48,181.208,1439,52,191.11,1337,57,207.702
1,1132,48,181.162,1440,52,191.11,1338,57,207.702
1,1133,48,181.162,1441,52,191.11,1339,57,207.702
1,1134,48,181.162,1442,52,191.11,1340,57,207.702
1,1135,48,181.162,1443,52,191.11,1341,57,207.702
1,1136,48,181.162,1444,52,191.11,1342,57,207.702
1,1137,48,181.162,1445,52,191.11,1343,57,207.702
1,1138,48,180.957,1446,52,191.11,1344,57,207.702
1,1139,48,180.957,1447,52,191.11,1345,57,207.702
1,1140,48,180.957,1448,52,191.11,1346,57,207.702
1,1141,48,180.957,1449,52,191.11,1347,57,207.702
1,1142,48,180.957,1450,52,191.11,1348,57,207.702
1,1143,48,180.957,1451,52,191.11,1349,57,207.702
1,1144,48,180.957,1452,52,191.11,1350,57,207.702
1,1145,48,180.957,1453,52,191.11,1351,57,207.702
1,1146,48,180.957,1454,52,191.11,1352,57,207.702
1,1147,48,180.957,1455,52,191.11,1353,57,207.702
1,1148,48,180.957,1456,52,191.11,1354,57,207.702
1,1149,48,180.957,1457,52,191.11,1355,57,207.702
1,1150,48,180.957,1458,52,191.11,1356,57,207.702
1,1151,48,180.957,1459,52,191.11,1357,57,207.702
1,1152,48,180.957,1460,52,191.11,1358,57,207.702
1,1153,48,180.957,1461,52,191.11,1359,57,207.702
1,1154,48,180.957,1462,52,191.11,1360,57,207.702
1,1155,48,180.957,1463,52,191.11,1361,57,207.702
1,1156,48,180.957,1464,52,191.11,1362,57,207.702
1,1157,48,180.957,1465,52,191.11,1363,57,207.702
1,1158,48,180.957,1466,52,191.11,1364,57,207.702
1,1159,48,180.957,1467,52,191.11,1365,57,207.702
1,1160,48,180.957,1468,52,191.11,1366,57,207.702
1,1161,48,180.957,1469,52,191.11,1367,57,207.702
1,1162,47,180.957,1470,52,191.11,1368,57,207.702
1,1163,47,180.957,1471,52,191.11,1369,57,207.702
1,1164,47,180.957,1472,52,191.11,1370,57,206.275
1,1165,47,180.957,1473,52,191.11,1371,57,206.275
1,1166,47,180.957,1474,52,191.11,1372,57,206.275
1,1167,47,180.957,1475,52,191.11,1373,57,206.275
1,1168,47,180.957,1476,52,191.11,1374,57,206.275
1,1169,47,180.957,1477,52,190.4,1375,57,206.275
1,1170,47,180.957,1478,52,190.4,1376,57,206.275
1,1171,47,180.957,1479,52,190.4,1377,57,206.275
1,1172,47,180.957,1480,52,190.4,1378,57,206.275
1,1173,47,180.957,1481,52,190.4,1379,57,206.275
1,1174,47,180.957,1482,52,190.4,1380,57,206.275
1,1175,47,180.957,1483,52,190.4,1381,57,206.275
1,1176,47,180.934,1484,52,190.4,1382,57,206.275
1,1177,47,180.934,1485,52,190.4,1383,57,206.275
1,1178,47,180.934,1486,52,190.4,1384,57,206.275
1,1179,47,180.934,1487,52,190.4,1385,57,206.275
1,1180,47,180.934,1488,52,190.4,1386,57,206.275
1,1181,47,180.934,1489,52,190.4,1387,57,206.275
1,1182,47,180.934,1490,52,190.4,1388,57,206.275
1,1183,47,180.934,1491,52,190.4,1389,57,206.275
1,1184,47,180.934,1492,52,190.4,1390,57,206.275
1,1185,47,180.934,1493,52,190.4,1391,57,206.275
1,1186,47,180.934,1494,52,190.4,1392,57,206.275
1,1187,47,180.934,1495,52,190.4,1393,57,206.275
1,1188,47,180.934,1496,52,190.4,1394,57,206.275
1,1189,47,180.934,1497,52,190.4,1395,57,206.275
1,1190,46,180.934,1498,52,190.4,1396,57,206.275
1,1191,46,180.934,1499,52,190.4,1397,57,206.275
1,1192,46,180.934,1500,52,190.4,1398,57,206.275
1,1193,46,180.934,1501,52,190.4,1399,57,206.275
1,1194,46,180.934,1502,52,190.4,1400,57,206.275
1,1195,46,180.934,1503,52,190.4,1401,57,206.275
1,1196,46,180.934,1504,52,190.4,1402,57,206.275
1,1197,46,180.934,1505,52,190.4,1403,57,206.275
1,1198,46,180.934,1506,52,190.4,1404,57,206.275
1,1199,46,180.934,1507,52,190.4,1405,57,206.275
1,1200,46,180.934,1508,52,190.4,1406,57,206.275
1,1201,46,180.934,1509,52,190.4,1407,57,206.275
1,1202,46,180.934,1510,52,190.4,1408,57,206.275
1,1203,46,180.934,1511,52,190.4,1409,57,206.275
1,1204,46,180.934,1512,52,190.4,1410,57,206.275
1,1205,46,180.934,1513,52,190.4,1411,57,206.275
1,1206,46,180.934,1514,52,190.4,1412,57,206.275
1,1207,46,180.934,1515,52,190.4,1413,57,206.275
1,1208,46,180.934,1516,52,190.4,1414,57,206.275
1,1209,46,180.934,1517,52,190.4,1415,57,206.275
1,1210,46,180.934,1518,52,190.4,1416,57,206.275
1,1211,46,180.934,1519,52,190.4,1417,57,206.275
1,1212,46,180.934,1520,52,190.4,1418,57,206.275
1,1213,46,180.934,1521,52,190.4,1419,57,206.275
1,1214,46,180.934,1522,52,190.4,1420,57,206.275
1,1215,46,180.934,1523,52,190.4,1421,57,206.275
1,1216,46,180.934,1524,52,190.4,1422,57,206.275
1,1217,46,180.934,1525,52,190.4,1423,57,206.275
1,1218,46,180.934,1526,52,190.4,1424,57,206.275
1,1219,46,180.512,1527,52,190.4,1425,57,206.275
1,1220,46,180.512,1528,52,190.4,1426,57,206.275
1,1221,46,180.512,1529,52,190.4,1427,57,206.275
1,1222,46,180.512,1530,52,190.4,1428,57,206.275
1,1223,46,180.512,1531,52,190.4,1429,57,206.275
1,1224,46,180.512,1532,52,190.4,1430,57,206.275
1,1225,46,180.512,1533,52,190.4,1431,57,206.275
1,1226,46,180.512,1534,52,190.4,1432,57,206.275
1,1227,46,180.512,1535,52,190.4,1433,57,206.275
1,1228,46,180.512,1536,52,190.4,1434,57,206.275
1,1229,46,180.512,1537,52,190.4,1435,57,206.275
1,1230,46,180.512,1538,52,190.4,1436,57,206.275
1,1231,46,180.512,1539,52,190.4,1437,57,206.275
1,1232,46,180.403,1540,52,190.4,1438,57,206.275
1,1233,46,180.403,1541,52,190.4,1439,57,206.275
1,1234,46,180.403,1542,52,190.4,1440,57,206.275
1,1235,46,180.403,1543,52,190.4,1441,57,206.275
1,1236,46,180.403,1544,52,190.4,1442,57,206.275
1,1237,46,180.403,1545,52,190.4,1443,57,206.275
1,1238,46,180.403,1546,52,190.4,1444,57,206.275
1,1239,46,180.403,1547,52,190.4,1445,57,206.275
1,1240,46,180.403,1548,52,190.4,1446,57,206.275
1,1241,46,180.403,1549,52,190.4,1447,57,206.275
1,1242,46,180.403,1550,52,190.4,1448,57,206.275
1,1243,46,180.403,1551,52,190.4,1449,57,206.275
1,1244,46,180.403,1552,52,190.4,1450,57,206.275
1,1245,46,180.403,1553,52,190.4,1451,57,206.275
1,1246,46,180.403,1554,52,190.4,1452,57,206.275
1,1247,46,180.403,1555,52,190.4,1453,57,206.275
1,1248,46,180.403,1556,52,190.4,1454,57,206.275
1,1249,46,180.403,1557,52,190.4,1455,57,206.275
1,1250,47,180.403,1558,52,190.4,1456,57,206.275
1,1251,46,180.403,1559,52,190.4,1457,57,206.275
1,1252,46,180.403,1560,52,190.4,1458,57,206.275
1,1253,46,180.403,1561,52,190.4,1459,57,206.275
1,1254,46,180.403,1562,52,190.4,1460,57,206.275
1,1255,46,180.403,1563,52,190.4,1461,57,206.275
1,1256,46,180.403,1564,52,190.4,1462,57,206.275
1,1257,46,180.403,1565,52,190.4,1463,57,206.275
1,1258,46,180.403,1566,52,190.4,1464,57,206.275
1,1259,46,180.403,1567,52,190.4,1465,57,206.275
1,1260,46,180.403,1568,52,190.4,1466,57,206.275
1,1261,46,180.403,1569,52,190.4,1467,57,206.275
1,1262,46,180.403,1570,52,190.4,1468,57,206.275
1,1263,46,180.403,1571,52,190.4,1469,57,206.275
1,1264,46,180.403,1572,52,190.4,1470,57,206.275
1,1265,46,180.403,1573,52,190.4,1471,57,206.275
1,1266,46,180.403,1574,52,190.4,1472,57,206.275
1,1267,46,180.403,1575,52,190.4,1473,57,206.275
1,1268,46,180.403,1576,52,190.4,1474,57,206.275
1,1269,46,180.213,1577,52,190.4,1475,57,206.275
1,1270,47,180.213,1578,52,190.4,1476,57,206.275
1,1271,47,180.213,1579,52,190.4,1477,57,206.275
1,1272,47,180.213,1580,52,190.4,1478,57,206.275
1,1273,47,180.213,1581,52,190.4,1479,57,206.275
1,1274,47,180.213,1582,52,190.4,1480,57,206.094
1,1275,47,180.213,1583,52,190.4,1481,57,206.094
1,1276,47,180.213,1584,52,190.4,1482,57,206.094
1,1277,47,180.213,1585,52,190.4,1483,57,206.094
1,1278,47,180.213,1586,52,190.4,1484,57,206.094
1,1279,47,180.178,1587,52,190.4,1485,56,206.094
1,1280,47,180.178,1588,52,190.4,1486,56,206.094
1,1281,47,180.178,1589,52,190.4,1487,56,206.094
1,1282,47,180.178,1590,52,190.4,1488,56,206.094
1,1283,47,180.178,1591,52,190.4,1489,56,206.094
1,1284,47,180.178,1592,52,190.4,1490,56,206.094
1,1285,47,180.178,1593,52,190.4,1491,56,204.906
1,1286,47,180.178,1594,52,190.4,1492,56,204.906
1,1287,47,180.178,1595,52,190.4,1493,56,204.906
1,1288,47,180.178,1596,52,190.4,1494,56,204.906
1,1289,47,180.178,1597,52,190.4,1495,56,204.906
1,1290,47,180.178,1598,52,190.4,1496,56,204.906
1,1291,47,180.178,1599,52,190.4,1497,56,204.906
1,1292,47,180.178,1600,52,190.4,1498,56,204.906
1,1293,47,180.178,1601,52,190.4,1499,56,204.906
1,1294,47,180.178,1602,52,190.4,1500,56,204.906
1,1295,47,180.178,1603,52,190.4,1501,56,204.906
1,1296,47,180.178,1604,52,190.4,1502,56,204.906
1,1297,47,180.178,1605,52,190.4,1503,56,204.906
1,1298,46,180.178,1606,52,190.4,1504,56,204.906
1,1299,46,180.178,1607,52,190.4,1505,56,204.906
1,1300,46,180.178,1608,52,190.4,1506,56,204.906
1,1301,46,180.178,1609,52,190.4,1507,56,204.906
1,1302,46,180.178,1610,52,190.4,1508,56,204.906
1,1303,46,180.178,1611,52,190.4,1509,56,204.906
1,1304,46,180.178,1612,52,190.4,1510,56,204.906
1,1305,46,180.178,1613,52,190.4,1511,56,204.906
1,1306,46,180.178,1614,52,190.4,1512,56,204.906
1,1307,46,180.178,1615,52,190.4,1513,56,204.906
1,1308,46,180.178,1616,52,190.4,1514,56,204.906
1,1309,46,180.178,1617,52,190.4,1515,56,204.906
1,1310,46,180.178,1618,52,190.4,1516,56,204.906
1,1311,46,180.178,1619,52,190.4,1517,56,204.906
1,1312,46,180.178,1620,52,190.4,1518,56,204.906
1,1313,46,180.178,1621,52,190.4,1519,56,204.906
1,1314,46,180.178,1622,52,190.4,1520,56,204.906
1,1315,46,180.178,1623,52,190.4,1521,56,204.906
1,1316,46,180.178,1624,52,190.4,1522,56,204.906
1,1317,46,180.178,1625,52,190.4,1523,56,204.906
1,1318,46,180.178,1626,52,190.4,1524,56,204.906
1,1319,46,180.178,1627,52,190.4,1525,56,204.906
1,1320,46,180.178,1628,52,190.4,1526,56,204.906
1,1321,46,180.178,1629,52,190.4,1527,56,204.906
1,1322,46,180.178,1630,52,190.4,1528,56,204.906
1,1323,46,180.178,1631,52,190.4,1529,56,204.906
1,1324,46,180.178,1632,52,190.4,1530,56,204.906
1,1325,46,180.178,1633,52,190.4,1531,56,204.906
1,1326,46,180.178,1634,52,190.4,1532,56,204.906
1,1327,46,180.178,1635,52,190.4,1533,56,204.906
1,1328,46,180.178,1636,52,190.4,1534,56,204.906
1,1329,46,180.178,1637,52,190.4,1535,56,204.906
1,1330,46,180.178,1638,52,190.4,1536,56,204.906
1,1331,46,180.178,1639,52,190.4,1537,56,204.906
1,1332,46,180.178,1640,52,190.4,1538,56,204.906
1,1333,46,180.178,1641,52,190.4,1539,56,204.906
1,1334,46,180.178,1642,52,190.4,1540,56,204.906
1,1335,46,180.178,1643,52,190.4,1541,56,204.906
1,1336,46,180.178,1644,52,190.4,1542,56,204.906
1,1337,46,180.178,1645,52,190.4,1543,56,204.906
1,1338,46,180.178,1646,52,190.4,1544,56,204.906
1,1339,46,180.178,1647,52,190.4,1545,56,204.906
1,1340,46,180.178,1648,52,190.4,1546,56,204.906
1,1341,46,180.178,1649,52,190.4,1547,56,204.906
1,1342,46,180.035,1650,52,190.4,1548,56,204.906
1,1343,46,180.035,1651,52,190.4,1549,56,204.906
1,1344,46,180.035,1652,52,190.4,1550,56,204.906
1,1345,46,180.035,1653,52,190.366,1551,56,204.906
1,1346,46,180.035,1654,52,190.366,1552,56,204.906
1,1347,46,180.035,1655,52,190.366,1553,56,204.906
1,1348,46,180.035,1656,52,190.366,1554,56,204.906
1,1349,46,180.035,1657,52,190.366,1555,56,204.906
1,1350,46,180.035,1658,52,190.366,1556,56,204.906
1,1351,46,180.035,1659,52,190.366,1557,56,204.906
1,1352,46,180.035,1660,52,190.366,1558,56,204.906
1,1353,46,180.035,1661,52,190.366,1559,56,204.906
1,1354,46,180.035,1662,52,190.366,1560,56,204.906
1,1355,46,180.035,1663,52,190.366,1561,56,204.906
1,1356,46,180.035,1664,52,190.366,1562,56,204.906
1,1357,46,180.035,1665,52,190.366,1563,56,204.906
1,1358,46,180.035,1666,52,190.366,1564,56,204.906
1,1359,46,180.035,1667,52,190.366,1565,56,204.906
1,1360,46,180.035,1668,52,190.366,1566,56,204.906
1,1361,46,180.035,1669,52,190.366,1567,56,204.906
1,1362,46,180.035,1670,52,190.366,1568,56,204.906
1,1363,46,180.035,1671,52,190.366,1569,56,204.906
1,1364,46,180.035,1672,52,190.366,1570,56,204.906
1,1365,46,180.035,1673,52,190.366,1571,56,204.906
1,1366,46,180.035,1674,52,190.366,1572,56,204.906
1,1367,46,180.035,1675,52,190.366,1573,56,204.906
1,1368,46,180.035,1676,52,190.366,1574,56,204.736
1,1369,46,180.035,1677,52,190.366,1575,56,204.736
1,1370,46,180.035,1678,52,190.366,1576,56,204.736
1,1371,46,180.035,1679,52,190.366,1577,56,204.736
1,1372,46,180.035,1680,52,190.366,1578,56,204.736
1,1373,46,180.035,1681,52,190.366,1579,56,204.736
1,1374,46,180.035,1682,52,190.366,1580,56,204.736
1,1375,47,180.035,1683,52,190.366,1581,56,204.736
1,1376,47,180.035,1684,52,190.366,1582,56,204.736
1,1377,47,180.035,1685,52,190.366,1583,56,204.736
1,1378,47,180.035,1686,52,190.366,1584,56,204.736
1,1379,47,180.035,1687,52,190.366,1585,56,204.736
1,1380,47,180.035,1688,52,190.366,1586,56,204.736
1,1381,47,180.035,1689,52,190.366,1587,56,204.736
1,1382,47,180.035,1690,52,190.366,1588,56,204.736
1,1383,47,180.035,1691,52,190.366,1589,56,204.736
1,1384,47,180.035,1692,52,190.366,1590,56,204.736
1,1385,47,179.96,1693,52,190.366,1591,56,204.736
1,1386,47,179.96,1694,52,190.366,1592,56,204.736
1,1387,47,179.96,1695,52,190.366,1593,56,204.736
1,1388,47,179.96,1696,52,190.366,1594,56,204.736
1,1389,47,179.96,1697,52,190.366,1595,56,204.736
1,1390,47,179.96,1698,52,189.626,1596,56,204.736
1,1391,47,179.96,1699,52,189.626,1597,56,204.736
1,1392,47,179.96,1700,52,189.626,1598,56,204.736
1,1393,47,179.96,1701,52,189.626,1599,56,204.736
1,1394,47,179.96,1702,52,189.626,1600,56,204.736
1,1395,47,179.96,1703,52,189.626,1601,56,204.736
1,1396,47,179.96,1704,52,189.626,1602,56,204.736
1,1397,47,179.96,1705,52,189.626,1603,56,204.736
1,1398,47,179.96,1706,52,189.626,1604,56,204.736
1,1399,47,179.96,1707,52,189.626,1605,56,204.736
1,1400,47,179.96,1708,52,189.626,1606,56,204.736
1,1401,47,179.96,1709,52,189.626,1607,56,204.736
1,1402,47,179.96,1710,52,189.626,1608,56,204.736
1,1403,47,179.96,1711,52,189.626,1609,56,204.736
1,1404,47,179.96,1712,52,189.626,1610,56,204.736
1,1405,47,179.96,1713,52,189.626,1611,56,204.736
1,1406,47,179.96,1714,52,189.626,1612,56,204.736
1,1407,46,179.96,1715,52,189.626,1613,56,204.736
1,1408,46,179.96,1716,52,189.626,1614,56,204.736
1,1409,46,179.96,1717,52,189.626,1615,56,204.736
1,1410,46,179.96,1718,52,189.626,1616,56,204.736
1,1411,46,179.96,1719,52,189.626,1617,56,204.736
1,1412,46,179.614,1720,52,189.621,1618,56,204.736
1,1413,46,179.614,1721,52,189.621,1619,56,204.736
1,1414,46,179.614,1722,52,189.621,1620,56,204.736
1,1415,46,179.614,1723,52,189.621,1621,56,204.736
1,1416,46,179.614,1724,52,189.621,1622,56,204.736
1,1417,46,179.614,1725,52,189.621,1623,56,204.736
1,1418,46,179.614,1726,52,189.621,1624,56,204.736
1,1419,46,179.614,1727,52,189.621,1625,56,204.736
1,1420,46,179.614,1728,52,189.621,1626,56,204.736
1,1421,46,179.614,1729,52,189.621,1627,56,204.736
1,1422,46,179.614,1730,52,189.621,1628,56,204.736
1,1423,46,179.614,1731,52,189.621,1629,56,204.736
1,1424,46,179.614,1732,52,189.621,1630,56,204.736
1,1425,46,179.614,1733,52,189.621,1631,56,204.736
1,1426,46,179.614,1734,52,189.621,1632,56,204.736
1,1427,46,179.614,1735,52,189.621,1633,56,204.736
1,1428,46,179.614,1736,52,189.621,1634,56,204.736
1,1429,46,179.614,1737,52,189.621,1635,56,204.736
1,1430,46,179.614,1738,52,189.621,1636,56,204.736
1,1431,46,179.614,1739,52,189.621,1637,56,204.337
1,1432,46,179.614,1740,52,189.621,1638,56,204.337
1,1433,46,179.614,1741,52,189.621,1639,56,204.337
1,1434,46,179.614,1742,52,189.174,1640,56,204.337
1,1435,46,179.614,1743,52,189.174,1641,56,204.337
1,1436,46,179.614,1744,52,189.174,1642,56,204.337
1,1437,46,179.614,1745,52,189.174,1643,56,204.337
1,1438,46,179.614,1746,52,189.174,1644,56,204.337
1,1439,46,179.614,1747,52,189.174,1645,56,204.337
1,1440,46,179.614,1748,52,189.174,1646,56,204.337
1,1441,46,179.614,1749,52,189.174,1647,56,204.337
1,1442,46,179.614,1750,52,189.174,1648,56,204.337
1,1443,48,179.614,1751,52,189.174,1649,56,204.337
1,1444,48,179.614,1752,52,189.174,1650,56,204.337
1,1445,47,179.614,1753,52,189.174,1651,56,204.337
1,1446,47,179.614,1754,52,189.174,1652,56,204.337
1,1447,47,179.614,1755,52,189.174,1653,56,204.337
1,1448,47,179.614,1756,52,189.174,1654,56,204.337
1,1449,46,179.614,1757,52,189.174,1655,56,204.337
1,1450,46,179.614,1758,52,189.174,1656,56,204.337
1,1451,47,179.614,1759,52,189.174,1657,56,204.337
1,1452,47,179.614,1760,52,189.174,1658,56,204.337
1,1453,47,179.614,1761,52,189.174,1659,56,204.337
1,1454,47,179.6,1762,52,189.174,1660,56,204.337
1,1455,47,179.6,1763,52,189.174,1661,56,204.337
1,1456,47,179.6,1764,52,189.174,1662,56,204.337
1,1457,47,179.6,1765,52,189.174,1663,56,204.337
1,1458,47,179.6,1766,52,189.174,1664,56,204.337
1,1459,47,179.6,1767,52,189.174,1665,56,204.337
1,1460,47,179.6,1768,52,188.393,1666,56,204.337
1,1461,47,179.6,1769,52,188.393,1667,56,204.337
1,1462,47,179.6,1770,52,188.393,1668,56,204.337
1,1463,47,179.6,1771,52,188.393,1669,56,204.337
1,1464,47,179.6,1772,52,188.393,1670,56,204.337
1,1465,47,179.6,1773,52,188.393,1671,56,204.337
1,1466,47,179.6,1774,52,188.393,1672,56,204.337
1,1467,47,179.6,1775,52,188.393,1673,56,204.337
1,1468,47,179.6,1776,52,188.393,1674,56,203.61
1,1469,47,179.6,1777,52,188.393,1675,56,203.61
1,1470,47,179.6,1778,52,188.393,1676,56,203.61
1,1471,47,179.6,1779,52,188.393,1677,56,203.61
1,1472,47,179.6,1780,52,188.393,1678,56,203.61
1,1473,47,179.6,1781,52,188.393,1679,56,203.61
1,1474,47,179.6,1782,52,188.393,1680,56,203.61
1,1475,47,179.6,1783,52,188.393,1681,56,203.61
1,1476,47,179.496,1784,52,188.393,1682,56,203.61
1,1477,47,179.496,1785,52,188.393,1683,56,203.61
1,1478,47,179.496,1786,52,188.393,1684,56,203.61
1,1479,47,179.496,1787,52,188.393,1685,56,203.61
1,1480,47,179.496,1788,52,188.393,1686,56,203.61
1,1481,47,179.496,1789,52,188.393,1687,56,203.61
1,1482,47,179.496,1790,52,188.393,1688,56,203.61
1,1483,47,179.496,1791,52,188.393,1689,56,203.61
1,1484,47,179.496,1792,52,188.393,1690,56,203.61
1,1485,47,179.496,1793,52,188.393,1691,56,203.61
1,1486,47,179.496,1794,52,188.393,1692,56,203.61
1,1487,48,179.496,1795,52,188.393,1693,56,203.61
1,1488,48,179.496,1796,52,188.393,1694,56,203.61
1,1489,48,179.496,1797,52,188.393,1695,56,203.61
1,1490,48,179.496,1798,52,188.393,1696,56,203.61
1,1491,49,179.496,1799,52,188.393,1697,56,203.61
1,1492,48,179.496,1800,52,188.393,1698,56,203.61
1,1493,48,179.496,1801,52,188.393,1699,56,203.61
1,1494,48,179.496,1802,52,188.393,1700,56,203.61
1,1495,48,179.496,1803,52,188.393,1701,56,203.61
1,1496,48,179.496,1804,52,188.393,1702,56,203.61
1,1497,48,179.496,1805,52,188.393,1703,56,203.61
1,1498,48,179.496,1806,52,188.393,1704,56,203.61
1,1499,48,179.496,1807,52,188.393,1705,56,203.61
1,1500,48,179.496,1808,52,188.393,1706,56,203.61
1,1501,48,179.496,1809,52,188.393,1707,56,203.61
1,1502,48,179.405,1810,52,188.393,1708,56,203.61
1,1503,48,179.405,1811,52,188.393,1709,56,203.61
1,1504,48,179.405,1812,52,188.393,1710,56,203.61
1,1505,48,179.405,1813,53,188.393,1711,56,203.61
1,1506,48,179.405,1814,53,188.393,1712,56,203.61
1,1507,48,179.405,1815,53,188.393,1713,56,203.61
1,1508,48,179.405,1816,53,188.393,1714,56,203.61
1,1509,48,179.405,1817,53,188.393,1715,56,203.61
1,1510,48,179.405,1818,53,188.393,1716,56,203.61
1,1511,48,179.405,1819,53,188.393,1717,56,203.61
1,1512,48,179.405,1820,53,188.393,1718,56,203.61
1,1513,48,179.405,1821,53,188.393,1719,56,203.61
1,1514,48,179.405,1822,53,188.393,1720,56,203.61
1,1515,48,179.405,1823,53,188.393,1721,56,203.61
1,1516,48,179.405,1824,53,188.393,1722,56,203.61
1,1517,48,179.405,1825,53,188.393,1723,56,203.61
1,1518,48,179.405,1826,53,188.393,1724,56,203.61
1,1519,48,179.405,1827,53,188.393,1725,56,203.61
1,1520,48,179.405,1828,53,188.393,1726,56,203.61
1,1521,48,179.405,1829,53,188.393,1727,56,203.61
1,1522,48,179.405,1830,53,188.393,1728,56,203.61
1,1523,48,179.401,1831,53,188.393,1729,56,203.61
1,1524,48,179.401,1832,53,188.393,1730,56,203.61
1,1525,48,179.401,1833,53,188.393,1731,56,203.61
1,1526,48,179.401,1834,53,188.393,1732,56,203.61
1,1527,48,179.401,1835,53,188.393,1733,56,203.61
1,1528,48,179.401,1836,53,188.393,1734,56,203.61
1,1529,48,179.401,1837,53,188.393,1735,56,203.61
1,1530,48,179.401,1838,53,188.393,1736,56,203.61
1,1531,48,179.401,1839,53,188.393,1737,56,203.61
1,1532,48,179.401,1840,53,188.393,1738,56,203.61
1,1533,48,179.401,1841,53,188.089,1739,56,203.61
1,1534,48,179.401,1842,53,188.089,1740,56,203.61
1,1535,48,179.401,1843,53,188.089,1741,56,203.61
1,1536,48,179.401,1844,53,188.089,1742,56,203.61
1,1537,47,179.401,1845,53,188.089,1743,56,203.61
1,1538,47,179.401,1846,53,188.089,1744,56,203.61
1,1539,47,179.401,1847,53,188.089,1745,56,203.61
1,1540,47,179.401,1848,53,188.089,1746,56,203.61
1,1541,47,179.401,1849,53,188.089,1747,56,203.61
1,1542,47,179.401,1850,53,188.089,1748,56,203.61
1,1543,47,179.401,1851,53,188.089,1749,56,203.61
1,1544,47,179.401,1852,53,188.089,1750,56,203.61
1,1545,47,179.401,1853,53,188.089,1751,56,203.61
1,1546,47,179.401,1854,53,188.089,1752,56,203.61
1,1547,47,179.401,1855,53,188.089,1753,56,203.61
1,1548,47,179.401,1856,53,188.089,1754,56,203.61
1,1549,46,179.401,1857,53,188.089,1755,56,203.61
1,1550,46,179.401,1858,53,188.089,1756,56,203.61
1,1551,46,179.401,1859,53,188.089,1757,56,203.61
1,1552,46,179.401,1860,53,188.089,1758,56,203.61
1,1553,46,179.401,1861,53,188.089,1759,56,203.61
1,1554,46,179.401,1862,53,188.089,1760,56,203.61
1,1555,46,179.401,1863,53,188.089,1761,56,203.61
1,1556,46,179.401,1864,53,188.089,1762,56,203.61
1,1557,46,179.401,1865,53,188.089,1763,56,203.61
1,1558,46,179.401,1866,53,188.089,1764,56,203.61
1,1559,46,179.401,1867,53,188.089,1765,55,203.61
1,1560,46,179.401,1868,53,188.089,1766,55,203.61
1,1561,46,179.376,1869,53,188.089,1767,55,203.61
1,1562,46,179.376,1870,53,188.089,1768,55,203.61
1,1563,46,179.376,1871,53,188.089,1769,55,203.61
1,1564,46,179.376,1872,53,188.089,1770,55,203.61
1,1565,46,179.376,1873,53,188.089,1771,55,203.61
1,1566,46,179.376,1874,53,188.089,1772,55,203.61
1,1567,46,179.376,1875,53,188.089,1773,55,203.61
1,1568,46,179.376,1876,53,188.089,1774,55,203.61
1,1569,46,179.376,1877,53,188.089,1775,55,203.61
1,1570,46,179.376,1878,52,188.089,1776,55,203.61
1,1571,46,179.289,1879,52,188.089,1777,55,203.61
1,1572,46,179.289,1880,52,188.089,1778,55,203.61
1,1573,46,179.289,1881,52,188.089,1779,55,203.61
1,1574,46,179.289,1882,52,188.089,1780,55,203.61
1,1575,46,179.289,1883,52,188.089,1781,55,203.61
1,1576,46,179.289,1884,52,188.089,1782,55,203.61
1,1577,46,179.289,1885,52,188.089,1783,55,203.61
1,1578,46,179.289,1886,52,188.089,1784,55,203.61
1,1579,46,179.289,1887,52,188.089,1785,55,203.61
1,1580,46,179.289,1888,52,188.089,1786,55,203.61
1,1581,46,179.289,1889,52,188.089,1787,55,203.61
1,1582,46,179.289,1890,52,188.089,1788,55,203.61
1,1583,46,179.289,1891,52,188.089,1789,55,203.61
1,1584,46,179.289,1892,52,188.089,1790,55,203.61
1,1585,46,179.289,1893,52,188.089,1791,55,203.61
1,1586,46,179.289,1894,52,188.089,1792,55,203.61
1,1587,46,179.289,1895,52,188.089,1793,55,203.61
1,1588,46,179.289,1896,52,188.089,1794,55,203.61
1,1589,46,179.289,1897,52,188.089,1795,55,203.61
1,1590,46,179.289,1898,52,188.089,1796,55,203.61
1,1591,46,179.289,1899,52,188.089,1797,55,203.61
1,1592,46,179.289,1900,52,188.089,1798,55,203.61
1,1593,46,179.289,1901,52,188.089,1799,55,203.61
1,1594,46,179.289,1902,52,188.089,1800,55,203.61
1,1595,46,179.289,1903,52,188.089,1801,55,203.61
1,1596,46,179.289,1904,52,188.089,1802,55,203.61
1,1597,46,179.289,1905,52,188.089,1803,55,203.61
1,1598,46,179.289,1906,52,188.089,1804,55,203.61
1,1599,46,179.289,1907,52,188.089,1805,55,203.61
1,1600,46,179.289,1908,52,188.089,1806,55,203.61
1,1601,46,179.289,1909,52,188.089,1807,55,203.61
1,1602,46,179.289,1910,52,188.089,1808,55,203.61
1,1603,46,179.289,1911,52,188.089,1809,55,203.61
1,1604,46,179.289,1912,52,188.089,1810,55,203.61
1,1605,46,179.289,1913,52,188.089,1811,55,203.61
1,1606,46,179.289,1914,52,188.089,1812,55,203.61
1,1607,46,179.289,1915,52,188.089,1813,55,203.61
1,1608,46,179.289,1916,52,188.089,1814,55,203.61
1,1609,46,179.289,1917,52,188.089,1815,55,203.61
1,1610,46,179.289,1918,52,188.089,1816,55,203.61
1,1611,46,179.289,1919,52,188.089,1817,55,203.61
1,1612,46,179.289,1920,52,188.089,1818,55,203.61
1,1613,46,179.289,1921,52,188.089,1819,55,203.61
1,1614,46,179.289,1922,52,188.089,1820,55,203.61
1,1615,46,179.289,1923,52,188.089,1821,55,203.61
1,1616,46,179.289,1924,52,188.089,1822,55,203.61
1,1617,46,179.289,1925,52,188.089,1823,55,203.61
1,1618,45,179.289,1926,52,188.089,1824,55,203.61
1,1619,45,179.289,1927,52,188.089,1825,55,203.61
1,1620,45,179.289,1928,52,188.089,1826,55,203.61
1,1621,45,179.289,1929,51,188.089,1827,55,203.61
1,1622,45,179.289,1930,51,188.089,1828,55,203.61
1,1623,45,179.289,1931,51,188.089,1829,55,203.61
1,1624,45,179.289,1932,51,188.089,1830,55,203.61
1,1625,45,179.289,1933,51,188.089,1831,55,203.61
1,1626,45,179.289,1934,51,188.089,1832,55,203.61
1,1627,45,179.179,1935,51,188.089,1833,55,203.61
1,1628,45,179.179,1936,51,188.089,1834,55,203.61
1,1629,45,179.179,1937,51,188.089,1835,55,203.61
1,1630,45,179.179,1938,51,188.089,1836,55,203.61
1,1631,45,179.179,1939,51,188.089,1837,55,203.61
1,1632,45,179.179,1940,51,188.089,1838,55,203.61
1,1633,45,179.179,1941,51,188.089,1839,55,203.61
1,1634,45,179.179,1942,51,188.089,1840,55,203.61
1,1635,45,179.179,1943,51,188.089,1841,55,203.61
1,1636,45,179.179,1944,51,188.089,1842,55,203.61
1,1637,45,179.179,1945,51,188.089,1843,55,203.61
1,1638,45,179.179,1946,51,188.089,1844,55,203.61
1,1639,45,179.179,1947,51,188.089,1845,55,203.61
1,1640,45,179.179,1948,51,188.089,1846,55,203.61
1,1641,45,179.179,1949,51,188.089,1847,55,203.61
1,1642,45,179.179,1950,51,188.089,1848,55,203.61
1,1643,45,179.179,1951,51,188.089,1849,55,203.61
1,1644,45,179.179,1952,51,188.089,1850,55,203.61
1,1645,45,179.179,1953,51,188.089,1851,55,203.61
1,1646,45,179.179,1954,51,188.089,1852,55,203.61
1,1647,45,179.179,1955,51,188.089,1853,55,203.61
1,1648,45,179.179,1956,51,188.089,1854,55,203.61
1,1649,45,179.179,1957,51,188.089,1855,55,203.61
1,1650,45,179.179,1958,51,188.089,1856,55,203.61
1,1651,45,179.179,1959,51,188.089,1857,55,203.61
1,1652,45,179.179,1960,51,188.089,1858,55,203.61
1,1653,45,179.179,1961,51,188.089,1859,55,203.61
1,1654,45,179.179,1962,51,188.089,1860,55,203.61
1,1655,45,179.179,1963,51,188.089,1861,55,203.61
1,1656,45,179.179,1964,52,188.089,1862,55,203.61
1,1657,45,179.179,1965,52,188.089,1863,55,203.61
1,1658,45,179.179,1966,52,188.089,1864,55,203.61
1,1659,45,179.179,1967,52,188.089,1865,55,203.61
1,1660,45,179.179,1968,52,188.089,1866,55,203.61
1,1661,45,179.179,1969,52,188.089,1867,55,203.61
1,1662,45,179.179,1970,52,188.089,1868,55,203.61
1,1663,45,179.179,1971,52,188.089,1869,55,203.61
1,1664,45,179.179,1972,52,188.089,1870,55,203.61
1,1665,45,179.179,1973,52,188.089,1871,55,203.61
1,1666,45,179.179,1974,52,188.089,1872,55,203.61
1,1667,45,179.179,1975,52,188.072,1873,55,203.61
1,1668,45,179.179,1976,52,188.072,1874,55,203.61
1,1669,45,179.179,1977,52,188.072,1875,55,203.61
1,1670,45,179.04,1978,52,188.072,1876,55,203.61
1,1671,45,179.04,1979,52,188.072,1877,55,203.288
1,1672,45,179.04,1980,52,188.072,1878,55,203.288
1,1673,45,179.04,1981,52,188.072,1879,55,203.288
1,1674,45,179.04,1982,52,188.072,1880,55,203.288
1,1675,45,179.04,1983,52,188.072,1881,55,203.288
1,1676,45,179.04,1984,52,188.072,1882,55,203.288
1,1677,46,179.04,1985,52,188.072,1883,55,203.288
1,1678,46,179.04,1986,52,188.072,1884,55,203.288
1,1679,46,179.04,1987,52,188.072,1885,55,203.288
1,1680,46,179.04,1988,52,188.072,1886,55,203.288
1,1681,46,179.04,1989,52,188.072,1887,55,203.288
1,1682,46,179.04,1990,52,188.072,1888,55,203.288
1,1683,46,179.04,1991,52,188.072,1889,55,203.288
1,1684,46,179.04,1992,52,188.072,1890,55,203.288
1,1685,46,179.04,1993,52,188.072,1891,55,203.288
1,1686,46,179.04,1994,52,188.072,1892,55,203.288
1,1687,46,179.04,1995,52,188.072,1893,55,203.288
1,1688,46,179.04,1996,52,187.98,1894,55,203.288
1,1689,46,179.04,1997,52,187.98,1895,55,203.288
1,1690,46,179.04,1998,52,187.98,1896,55,203.288
1,1691,46,179.04,1999,52,187.98,1897,55,203.288
1,1692,46,179.04,2000,52,187.98,1898,55,203.288
1,1693,46,179.04,2001,52,187.98,1899,55,203.288
1,1694,46,179.04,2002,52,187.98,1900,55,203.288
1,1695,46,179.04,2003,52,187.98,1901,55,203.288
1,1696,46,179.04,2004,52,187.98,1902,55,203.288
1,1697,46,179.04,2005,52,187.98,1903,55,203.288
1,1698,46,179.04,2006,52,187.98,1904,55,203.288
1,1699,46,179.04,2007,52,187.98,1905,55,203.288
1,1700,46,179.04,2008,52,187.98,1906,55,203.288
1,1701,46,179.04,2009,52,187.98,1907,55,203.288
1,1702,46,179.04,2010,52,187.98,1908,55,203.288
1,1703,46,179.04,2011,52,187.98,1909,55,203.288
1,1704,46,179.04,2012,52,187.98,1910,55,203.288
1,1705,46,179.037,2013,52,187.98,1911,55,203.288
1,1706,46,179.037,2014,52,187.98,1912,55,203.288
1,1707,46,179.037,2015,52,187.98,1913,55,203.288
1,1708,46,179.037,2016,52,187.98,1914,55,203.288
1,1709,46,179.037,2017,52,187.98,1915,55,203.288
1,1710,46,179.037,2018,52,187.98,1916,55,203.288
1,1711,46,179.037,2019,52,187.98,1917,55,203.288
1,1712,46,179.037,2020,52,187.98,1918,55,203.288
1,1713,46,179.037,2021,52,187.98,1919,55,203.288
1,1714,46,179.037,2022,52,187.98,1920,55,203.288
1,1715,46,179.037,2023,52,187.98,1921,55,203.288
1,1716,46,179.037,2024,52,187.98,1922,55,203.288
1,1717,46,179.037,2025,52,187.98,1923,55,203.288
1,1718,46,179.037,2026,52,187.98,1924,55,203.288
1,1719,46,179.037,2027,52,187.98,1925,55,203.288
1,1720,46,179.037,2028,52,187.98,1926,55,203.288
1,1721,46,179.037,2029,52,187.98,1927,55,203.288
1,1722,46,179.037,2030,52,187.98,1928,55,203.288
1,1723,46,179.037,2031,52,187.98,1929,55,203.288
1,1724,46,179.037,2032,52,187.98,1930,55,203.288
1,1725,46,179.037,2033,52,187.98,1931,54,203.288
1,1726,46,179.037,2034,52,187.98,1932,54,203.288
1,1727,46,179.037,2035,52,187.953,1933,54,203.288
1,1728,46,179.037,2036,52,187.953,1934,54,203.288
1,1729,46,179.037,2037,52,187.953,1935,54,203.288
1,1730,46,179.037,2038,52,187.953,1936,54,203.288
1,1731,46,179.037,2039,52,187.953,1937,54,203.288
1,1732,46,179.037,2040,52,187.953,1938,54,203.288
1,1733,46,179.037,2041,52,187.953,1939,54,203.288
1,1734,46,179.037,2042,52,187.953,1940,54,203.288
1,1735,46,179.037,2043,52,187.953,1941,54,203.288
1,1736,46,179.037,2044,52,187.953,1942,54,203.288
1,1737,46,179.037,2045,52,187.953,1943,54,203.288
1,1738,46,179.037,2046,52,187.953,1944,54,203.288
1,1739,46,179.037,2047,52,187.953,1945,54,203.288
1,1740,46,179.037,2048,52,187.953,1946,54,203.288
1,1741,46,179.037,2049,52,187.953,1947,54,203.288
1,1742,46,179.037,2050,52,187.953,1948,54,203.288
1,1743,45,179.037,2051,52,187.953,1949,54,203.288
1,1744,45,179.037,2052,52,187.953,1950,54,203.288
1,1745,45,179.037,2053,52,187.953,1951,54,203.288
1,1746,45,179.037,2054,52,187.953,1952,54,203.288
1,1747,45,179.037,2055,52,187.953,1953,54,203.288
1,1748,45,179.037,2056,52,187.953,1954,54,203.288
1,1749,45,179.037,2057,52,187.953,1955,54,203.288
1,1750,45,178.868,2058,52,187.953,1956,54,203.288
1,1751,45,178.868,2059,52,187.953,1957,54,203.288
1,1752,45,178.868,2060,52,187.953,1958,54,203.288
1,1753,45,178.868,2061,52,187.953,1959,54,203.288
1,1754,45,178.868,2062,52,187.953,1960,54,203.288
1,1755,45,178.868,2063,52,187.953,1961,54,203.288
1,1756,45,178.868,2064,52,187.953,1962,54,203.288
1,1757,45,178.868,2065,52,187.953,1963,54,203.288
1,1758,45,178.868,2066,52,187.953,1964,54,203.288
1,1759,45,178.868,2067,52,187.88,1965,54,203.288
1,1760,45,178.868,2068,52,187.88,1966,54,203.288
1,1761,45,178.868,2069,52,187.88,1967,54,203.288
1,1762,45,178.868,2070,52,187.88,1968,54,203.288
1,1763,45,178.868,2071,52,187.88,1969,54,203.288
1,1764,45,178.868,2072,52,187.88,1970,54,203.288
1,1765,45,178.868,2073,52,187.88,1971,54,203.288
1,1766,45,178.868,2074,52,187.88,1972,54,203.288
1,1767,45,178.868,2075,52,187.88,1973,54,203.288
1,1768,45,178.868,2076,52,187.88,1974,54,203.288
1,1769,45,178.868,2077,52,187.88,1975,54,203.288
1,1770,45,178.868,2078,52,187.88,1976,54,203.288
1,1771,45,178.868,2079,52,187.88,1977,54,203.288
1,1772,45,178.868,2080,52,187.88,1978,54,203.288
1,1773,45,178.868,2081,52,187.88,1979,54,202.829
1,1774,45,178.868,2082,52,187.88,1980,54,202.829
1,1775,45,178.868,2083,52,187.88,1981,54,202.829
1,1776,45,178.868,2084,52,187.88,1982,54,202.829
1,1777,45,178.868,2085,52,187.88,1983,54,202.829
1,1778,45,178.868,2086,52,187.88,1984,54,202.829
1,1779,45,178.868,2087,52,187.88,1985,54,202.829
1,1780,45,178.868,2088,52,187.88,1986,54,202.829
1,1781,45,178.868,2089,52,187.88,1987,54,202.829
1,1782,45,178.868,2090,52,187.88,1988,54,202.829
1,1783,45,178.868,2091,52,187.88,1989,54,202.829
1,1784,45,178.868,2092,52,187.88,1990,54,202.829
1,1785,45,178.868,2093,52,187.88,1991,54,202.829
1,1786,45,178.868,2094,52,187.88,1992,54,202.829
1,1787,45,178.868,2095,52,187.88,1993,54,202.829
1,1788,45,178.868,2096,52,187.88,1994,54,202.829
1,1789,45,178.868,2097,52,187.88,1995,54,202.829
1,1790,45,178.868,2098,52,187.88,1996,54,202.829
1,1791,45,178.868,2099,52,187.88,1997,54,202.829
1,1792,45,178.868,2100,52,187.88,1998,54,202.829
1,1793,45,178.868,2101,52,187.88,1999,54,202.829
1,1794,45,178.868,2102,52,187.88,2000,54,202.829
1,1795,45,178.868,2103,52,187.88,2001,54,202.829
1,1796,45,178.868,2104,52,187.88,2002,54,202.829
1,1797,45,178.868,2105,52,187.88,2003,54,202.829
1,1798,45,178.833,2106,52,187.88,2004,54,202.829
1,1799,45,178.833,2107,52,187.88,2005,54,202.829
1,1800,45,178.833,2108,52,187.88,2006,54,202.829
1,1801,45,178.833,2109,52,187.88,2007,54,202.829
1,1802,45,178.833,2110,52,187.88,2008,54,202.829
1,1803,45,178.833,2111,52,187.88,2009,54,202.829
1,1804,45,178.833,2112,52,187.88,2010,54,202.829
1,1805,45,178.833,2113,52,187.88,2011,54,202.829
1,1806,45,178.833,2114,52,187.88,2012,54,202.829
1,1807,45,178.833,2115,52,187.88,2013,54,202.829
1,1808,45,178.828,2116,52,187.88,2014,54,202.829
1,1809,45,178.828,2117,52,187.88,2015,54,202.829
1,1810,45,178.828,2118,52,187.88,2016,54,202.829
1,1811,45,178.828,2119,52,187.88,2017,54,202.829
1,1812,45,178.828,2120,52,187.88,2018,54,202.829
1,1813,45,178.828,2121,52,187.88,2019,54,202.829
1,1814,45,178.828,2122,52,187.88,2020,54,202.829
1,1815,45,178.828,2123,52,187.88,2021,54,202.829
1,1816,45,178.828,2124,52,187.88,2022,54,202.829
1,1817,45,178.828,2125,52,187.88,2023,54,202.829
1,1818,45,178.828,2126,52,187.88,2024,54,202.829
1,1819,45,178.828,2127,52,187.88,2025,54,202.829
1,1820,45,178.828,2128,52,187.88,2026,54,202.829
1,1821,45,178.828,2129,52,187.88,2027,54,202.829
1,1822,45,178.828,2130,52,187.88,2028,54,202.829
1,1823,45,178.828,2131,52,187.88,2029,54,202.829
1,1824,45,178.828,2132,52,187.88,2030,54,202.829
1,1825,45,178.828,2133,52,187.88,2031,54,202.829
1,1826,45,178.828,2134,52,187.88,2032,54,202.829
1,1827,45,178.828,2135,52,187.88,2033,54,202.829
1,1828,46,178.828,2136,52,187.88,2034,54,202.829
1,1829,46,178.828,2137,52,187.88,2035,54,202.829
1,1830,46,178.828,2138,52,187.88,2036,54,202.829
1,1831,46,178.828,2139,52,187.88,2037,54,202.829
1,1832,46,178.828,2140,52,187.88,2038,54,202.829
1,1833,46,178.828,2141,52,187.88,2039,54,202.829
1,1834,46,178.828,2142,52,187.88,2040,54,202.829
1,1835,46,178.828,2143,52,187.88,2041,54,202.829
1,1836,46,178.828,2144,52,187.88,2042,54,202.829
1,1837,46,178.828,2145,52,187.88,2043,54,202.829
1,1838,46,178.828,2146,52,187.88,2044,54,202.829
1,1839,46,178.828,2147,52,187.88,2045,54,202.829
1,1840,46,178.828,2148,52,187.88,2046,54,202.829
1,1841,46,178.828,2149,52,187.88,2047,54,202.829
1,1842,46,178.828,2150,52,187.88,2048,54,202.829
1,1843,46,178.828,2151,52,187.88,2049,54,202.549
1,1844,46,178.828,2152,52,187.88,2050,54,202.549
1,1845,46,178.828,2153,52,187.88,2051,54,202.549
1,1846,46,178.828,2154,52,187.88,2052,54,202.549
1,1847,46,178.828,2155,52,187.88,2053,54,202.549
1,1848,46,178.828,2156,52,187.88,2054,54,202.549
1,1849,46,178.828,2157,52,187.88,2055,54,202.549
1,1850,46,178.828,2158,52,187.88,2056,54,202.549
1,1851,46,178.828,2159,52,187.88,2057,54,202.549
1,1852,46,178.828,2160,52,187.88,2058,54,202.549
1,1853,46,178.828,2161,52,187.88,2059,54,202.549
1,1854,46,178.828,2162,52,187.88,2060,54,202.549
1,1855,46,178.828,2163,52,187.88,2061,54,202.549
1,1856,47,178.828,2164,52,187.88,2062,54,202.549
1,1857,47,178.828,2165,52,187.88,2063,54,202.549
1,1858,47,178.828,2166,52,187.88,2064,54,202.549
1,1859,47,178.828,2167,52,187.88,2065,54,202.549
1,1860,47,178.828,2168,52,187.88,2066,54,202.549
1,1861,47,178.828,2169,52,187.88,2067,54,202.549
1,1862,47,178.828,2170,52,187.88,2068,54,202.549
1,1863,47,178.828,2171,52,187.88,2069,54,202.549
1,1864,47,178.828,2172,52,187.88,2070,54,202.549
1,1865,47,178.828,2173,52,187.88,2071,54,202.549
1,1866,47,178.828,2174,52,187.88,2072,54,202.549
1,1867,47,178.828,2175,52,187.88,2073,54,202.549
1,1868,47,178.828,2176,52,187.88,2074,54,202.549
1,1869,47,178.828,2177,52,187.88,2075,54,202.549
1,1870,47,178.828,2178,52,187.88,2076,54,202.549
1,1871,47,178.828,2179,52,187.88,2077,54,202.549
1,1872,47,178.828,2180,52,187.88,2078,54,202.549
1,1873,47,178.828,2181,52,187.88,2079,54,202.549
1,1874,47,178.828,2182,52,187.88,2080,54,202.549
1,1875,47,178.828,2183,52,187.88,2081,54,202.549
1,1876,47,178.828,2184,52,187.88,2082,54,202.549
1,1877,47,178.828,2185,52,187.88,2083,54,202.549
1,1878,47,178.828,2186,52,187.88,2084,54,202.549
1,1879,47,178.828,2187,52,187.88,2085,54,202.549
1,1880,47,178.828,2188,52,187.88,2086,54,202.549
1,1881,47,178.828,2189,52,187.88,2087,54,202.549
1,1882,47,178.828,2190,52,187.88,2088,54,202.549
1,1883,47,178.828,2191,52,187.88,2089,54,202.549
1,1884,47,178.828,2192,52,187.88,2090,54,202.549
1,1885,47,178.828,2193,52,187.88,2091,54,202.549
1,1886,47,178.828,2194,52,187.88,2092,54,202.549
1,1887,47,178.828,2195,52,187.88,2093,54,202.549
1,1888,47,178.828,2196,52,187.88,2094,54,202.549
1,1889,47,178.828,2197,52,187.88,2095,54,202.549
1,1890,47,178.828,2198,52,187.88,2096,54,202.549
1,1891,47,178.828,2199,52,187.88,2097,54,202.549
1,1892,47,178.828,2200,52,187.88,2098,54,202.549
1,1893,47,178.828,2201,52,187.88,2099,54,202.549
1,1894,48,178.732,2202,52,187.88,2100,54,202.549
1,1895,48,178.732,2203,52,187.88,2101,54,202.549
1,1896,48,178.732,2204,52,187.88,2102,54,202.549
1,1897,48,178.732,2205,52,187.88,2103,54,202.549
1,1898,48,178.715,2206,52,187.88,2104,54,202.549
1,1899,48,178.715,2207,52,187.88,2105,54,202.549
1,1900,48,178.715,2208,52,187.88,2106,54,202.549
1,1901,48,178.715,2209,52,187.88,2107,54,202.549
1,1902,48,178.715,2210,52,187.88,2108,54,202.549
1,1903,48,178.715,2211,52,187.88,2109,54,202.549
1,1904,48,178.715,2212,52,187.88,2110,54,202.549
1,1905,48,178.715,2213,52,187.88,2111,54,202.549
1,1906,48,178.715,2214,52,187.88,2112,54,202.549
1,1907,48,178.715,2215,52,187.88,2113,54,202.549
1,1908,48,178.715,2216,52,187.88,2114,54,202.549
1,1909,48,178.715,2217,52,187.88,2115,54,202.549
1,1910,48,178.715,2218,52,187.88,2116,54,202.549
1,1911,48,178.715,2219,52,187.88,2117,54,202.549
1,1912,48,178.715,2220,52,187.88,2118,54,202.549
1,1913,48,178.715,2221,52,187.88,2119,54,202.549
1,1914,48,178.715,2222,52,187.88,2120,54,202.549
1,1915,48,178.715,2223,52,187.88,2121,54,202.549
1,1916,48,178.715,2224,52,187.88,2122,54,202.549
1,1917,48,178.715,2225,52,187.88,2123,54,202.549
1,1918,48,178.715,2226,52,187.88,2124,54,202.549
1,1919,48,178.715,2227,52,187.88,2125,54,202.549
1,1920,48,178.715,2228,52,187.88,2126,54,202.549
1,1921,48,178.715,2229,52,187.88,2127,54,202.549
1,1922,48,178.715,2230,52,187.88,2128,54,202.549
1,1923,48,178.715,2231,52,187.88,2129,54,202.549
1,1924,48,178.715,2232,52,187.88,2130,54,202.549
1,1925,47,178.715,2233,52,187.88,2131,54,202.549
1,1926,47,178.715,2234,52,187.88,2132,54,202.549
1,1927,47,178.715,2235,52,187.88,2133,54,202.549
1,1928,47,178.715,2236,52,187.88,2134,54,202.549
1,1929,47,178.715,2237,52,187.88,2135,54,202.549
1,1930,47,178.715,2238,52,187.88,2136,54,202.549
1,1931,47,178.432,2239,52,187.88,2137,54,202.549
1,1932,47,178.432,2240,52,187.88,2138,54,202.549
1,1933,47,178.432,2241,52,187.88,2139,54,202.549
1,1934,47,178.432,2242,52,187.88,2140,54,202.549
1,1935,47,178.432,2243,52,187.88,2141,54,202.549
1,1936,47,178.432,2244,52,187.88,2142,54,202.549
1,1937,47,178.432,2245,52,187.88,2143,54,202.549
1,1938,47,178.432,2246,52,187.88,2144,54,202.549
1,1939,47,178.432,2247,52,187.88,2145,54,202.549
1,1940,47,178.432,2248,52,187.88,2146,54,202.549
1,1941,47,178.432,2249,52,187.88,2147,54,202.549
1,1942,47,178.432,2250,52,187.88,2148,54,202.478
1,1943,47,178.432,2251,52,187.88,2149,54,202.478
1,1944,47,178.432,2252,52,187.88,2150,54,202.478
1,1945,47,178.432,2253,52,187.88,2151,54,202.478
1,1946,47,178.432,2254,52,187.88,2152,54,202.478
1,1947,47,178.432,2255,52,187.88,2153,54,202.478
1,1948,47,178.432,2256,52,187.88,2154,54,202.478
1,1949,47,178.432,2257,52,187.88,2155,54,202.478
1,1950,47,178.432,2258,52,187.88,2156,54,202.478
1,1951,47,178.432,2259,52,187.88,2157,54,202.478
1,1952,47,178.432,2260,52,187.88,2158,54,202.478
1,1953,47,178.432,2261,52,187.88,2159,55,202.478
1,1954,47,178.432,2262,52,187.88,2160,55,202.478
1,1955,47,178.432,2263,52,187.88,2161,55,202.478
1,1956,47,178.432,2264,52,187.88,2162,55,202.478
1,1957,47,178.421,2265,52,187.88,2163,55,202.478
1,1958,47,178.421,2266,52,187.88,2164,55,202.478
1,1959,47,178.421,2267,52,187.88,2165,55,202.478
1,1960,47,178.421,2268,52,187.88,2166,55,202.478
1,1961,47,178.421,2269,52,187.88,2167,55,202.478
1,1962,47,178.421,2270,52,187.88,2168,55,202.478
1,1963,47,178.421,2271,52,187.88,2169,55,202.478
1,1964,47,178.421,2272,52,187.88,2170,55,202.478
1,1965,48,178.421,2273,52,187.88,2171,55,202.478
1,1966,48,178.421,2274,52,187.88,2172,55,202.478
1,1967,48,178.421,2275,52,187.88,2173,55,202.478
1,1968,48,178.421,2276,52,187.88,2174,55,202.478
1,1969,48,178.421,2277,52,187.88,2175,55,202.478
1,1970,48,178.421,2278,52,187.88,2176,55,202.478
1,1971,48,178.421,2279,52,187.88,2177,55,202.478
1,1972,48,178.421,2280,52,187.88,2178,55,202.478
1,1973,48,178.421,2281,52,187.88,2179,55,202.478
1,1974,48,178.421,2282,52,187.88,2180,55,202.478
1,1975,48,178.421,2283,52,187.88,2181,55,202.478
1,1976,48,178.421,2284,52,187.88,2182,55,202.478
1,1977,48,178.421,2285,52,187.88,2183,55,202.478
1,1978,48,178.421,2286,52,187.88,2184,55,202.478
1,1979,48,178.421,2287,52,187.88,2185,55,202.478
1,1980,48,178.421,2288,52,187.88,2186,55,202.478
1,1981,48,178.421,2289,52,187.88,2187,55,202.478
1,1982,48,178.421,2290,52,187.88,2188,55,202.478
1,1983,48,178.421,2291,52,187.88,2189,55,202.478
1,1984,48,178.421,2292,52,187.88,2190,55,202.478
1,1985,48,178.421,2293,52,187.88,2191,55,202.478
1,1986,48,178.421,2294,52,187.88,2192,55,202.478
1,1987,48,178.421,2295,52,187.88,2193,55,202.478
1,1988,48,178.421,2296,52,187.88,2194,55,202.478
1,1989,48,178.421,2297,52,187.88,2195,55,202.478
1,1990,48,178.421,2298,52,187.88,2196,55,202.478
1,1991,48,178.421,2299,52,187.88,2197,55,202.478
1,1992,48,178.421,2300,52,187.88,2198,55,202.478
1,1993,48,178.421,2301,52,187.88,2199,55,202.478
1,1994,48,178.421,2302,52,187.88,2200,55,202.478
1,1995,48,178.421,2303,52,187.88,2201,55,202.478
1,1996,48,178.421,2304,52,187.88,2202,55,202.478
1,1997,48,178.421,2305,52,187.88,2203,55,202.478
1,1998,48,178.421,2306,52,187.88,2204,55,202.478
1,1999,48,178.421,2307,52,187.88,2205,55,202.478
1,2000,48,178.421,2308,52,187.88,2206,55,202.478
1,2001,48,178.421,2309,52,187.88,2207,55,202.478
1,2002,48,178.421,2310,52,187.88,2208,55,202.478
1,2003,48,178.421,2311,52,187.88,2209,55,202.478
1,2004,48,178.421,2312,52,187.88,2210,55,202.478
1,2005,48,178.421,2313,52,187.88,2211,55,202.478
1,2006,48,178.421,2314,52,187.88,2212,55,202.478
1,2007,48,178.421,2315,52,187.88,2213,55,202.478
1,2008,48,178.421,2316,52,187.88,2214,55,202.478
1,2009,48,178.421,2317,52,187.88,2215,55,202.478
1,2010,48,178.421,2318,52,187.88,2216,55,202.478
1,2011,48,178.421,2319,52,187.88,2217,55,202.478
1,2012,48,178.421,2320,52,187.88,2218,55,202.478
1,2013,48,178.414,2321,52,187.88,2219,55,202.478
1,2014,48,178.414,2322,52,187.88,2220,55,202.478
1,2015,48,178.414,2323,52,187.88,2221,55,202.478
1,2016,48,178.414,2324,52,187.88,2222,55,202.478
1,2017,48,178.414,2325,52,187.88,2223,55,202.478
1,2018,48,178.414,2326,52,187.88,2224,55,202.478
1,2019,48,178.414,2327,52,187.88,2225,55,202.478
1,2020,48,178.414,2328,52,187.88,2226,55,202.478
1,2021,48,178.414,2329,52,187.88,2227,55,202.478
1,2022,48,178.414,2330,52,187.88,2228,55,202.478
1,2023,48,178.414,2331,52,187.88,2229,55,202.478
1,2024,48,178.414,2332,52,187.88,2230,55,202.478
1,2025,48,178.414,2333,52,187.88,2231,55,202.478
1,2026,48,178.414,2334,52,187.88,2232,55,202.478
1,2027,48,178.414,2335,52,187.88,2233,55,202.478
1,2028,48,178.414,2336,52,187.88,2234,55,202.478
1,2029,48,178.414,2337,52,187.88,2235,55,202.478
1,2030,48,178.414,2338,52,187.88,2236,55,202.478
1,2031,48,178.414,2339,52,187.88,2237,55,202.478
1,2032,48,178.414,2340,52,187.88,2238,55,201.259
1,2033,48,178.414,2341,52,187.88,2239,55,201.259
1,2034,48,178.414,2342,52,187.88,2240,55,201.259
1,2035,48,178.414,2343,52,187.88,2241,55,201.259
1,2036,48,178.414,2344,52,187.88,2242,55,201.259
1,2037,48,178.414,2345,52,187.88,2243,55,201.259
1,2038,48,178.414,2346,52,187.88,2244,55,201.259
1,2039,48,178.414,2347,52,187.88,2245,55,201.259
1,2040,48,178.414,2348,52,187.88,2246,55,201.259
1,2041,48,178.414,2349,52,187.88,2247,55,201.259
1,2042,48,178.414,2350,52,187.88,2248,55,201.259
1,2043,48,178.414,2351,52,187.88,2249,55,201.259
1,2044,48,178.414,2352,52,187.88,2250,55,201.259
1,2045,48,178.414,2353,52,187.88,2251,55,201.259
1,2046,48,178.414,2354,52,187.88,2252,55,201.259
1,2047,48,178.413,2355,52,187.88,2253,54,201.259
1,2048,48,178.413,2356,52,187.88,2254,54,201.259
1,2049,48,178.413,2357,52,187.88,2255,54,201.259
1,2050,48,178.413,2358,52,187.88,2256,54,201.259
1,2051,48,178.413,2359,52,187.88,2257,54,201.259
1,2052,48,178.413,2360,52,187.88,2258,54,201.259
1,2053,48,178.413,2361,52,187.88,2259,54,201.259
1,2054,48,178.413,2362,52,187.88,2260,54,201.259
1,2055,48,178.413,2363,52,187.88,2261,54,201.259
1,2056,48,178.413,2364,52,187.88,2262,54,201.259
1,2057,48,178.413,2365,52,187.88,2263,54,201.259
1,2058,48,178.413,2366,52,187.88,2264,54,201.259
1,2059,48,178.413,2367,52,187.88,2265,54,201.259
1,2060,48,178.413,2368,52,187.88,2266,54,201.259
1,2061,48,178.413,2369,52,187.874,2267,54,201.259
1,2062,48,178.413,2370,52,187.874,2268,54,201.259
1,2063,48,178.413,2371,52,187.874,2269,54,201.259
1,2064,48,178.413,2372,52,187.874,2270,54,201.259
1,2065,48,178.413,2373,52,187.874,2271,54,201.259
1,2066,48,178.413,2374,52,187.874,2272,54,201.259
1,2067,48,178.413,2375,52,187.874,2273,54,201.259
1,2068,48,178.413,2376,52,187.874,2274,54,201.259
1,2069,48,178.413,2377,52,187.874,2275,54,201.259
1,2070,48,178.413,2378,52,187.874,2276,54,201.259
1,2071,48,178.413,2379,52,187.874,2277,54,201.259
1,2072,48,178.413,2380,52,187.689,2278,54,201.259
1,2073,48,178.413,2381,52,187.689,2279,54,201.259
1,2074,48,178.413,2382,52,187.689,2280,53,201.259
1,2075,48,178.413,2383,52,187.689,2281,53,201.259
1,2076,48,178.413,2384,52,187.689,2282,53,196.702
1,2077,48,178.413,2385,52,187.689,2283,53,196.702
1,2078,48,178.413,2386,52,187.689,2284,53,196.702
1,2079,48,178.413,2387,52,187.689,2285,53,196.702
1,2080,48,178.413,2388,52,187.689,2286,53,196.702
1,2081,48,178.413,2389,52,187.689,2287,53,196.702
1,2082,48,178.413,2390,52,187.689,2288,52,196.702
1,2083,48,178.413,2391,52,187.689,2289,52,196.239
1,2084,48,178.413,2392,52,187.689,2290,52,196.239
1,2085,48,178.413,2393,52,187.689,2291,52,196.239
1,2086,48,178.413,2394,52,187.689,2292,52,196.239
1,2087,48,178.413,2395,52,187.689,2293,52,196.239
1,2088,48,178.413,2396,52,187.689,2294,52,196.239
1,2089,48,178.413,2397,52,187.689,2295,53,196.239
1,2090,48,178.413,2398,52,187.689,2296,53,196.239
1,2091,48,178.413,2399,52,187.689,2297,53,196.239
1,2092,48,178.413,2400,52,187.689,2298,53,196.239
1,2093,48,178.413,2401,52,187.689,2299,53,196.239
1,2094,48,178.413,2402,52,187.689,2300,53,196.239
1,2095,48,178.413,2403,52,187.689,2301,53,196.239
1,2096,48,178.413,2404,52,187.689,2302,53,196.239
1,2097,48,178.413,2405,52,187.689,2303,53,196.239
1,2098,48,178.413,2406,52,187.689,2304,53,196.239
1,2099,48,178.413,2407,52,187.689,2305,53,196.239
1,2100,48,178.413,2408,52,187.689,2306,53,196.239
1,2101,48,178.358,2409,52,187.689,2307,53,196.239
1,2102,48,178.358,2410,52,187.689,2308,53,196.239
1,2103,48,178.358,2411,52,187.689,2309,53,196.239
1,2104,48,178.358,2412,52,187.689,2310,53,196.239
1,2105,48,178.358,2413,52,187.689,2311,53,196.239
1,2106,48,178.358,2414,52,187.689,2312,53,196.239
1,2107,48,178.358,2415,52,187.689,2313,53,196.239
1,2108,48,178.358,2416,52,187.689,2314,53,192.307
1,2109,48,178.358,2417,52,187.689,2315,51,192.307
1,2110,48,178.358,2418,52,187.689,2316,51,192.307
1,2111,48,178.358,2419,52,187.689,2317,51,192.307
1,2112,48,178.358,2420,52,187.689,2318,51,192.307
1,2113,48,178.358,2421,52,187.689,2319,51,192.307
1,2114,48,178.358,2422,52,187.689,2320,51,192.307
1,2115,48,178.358,2423,52,187.689,2321,51,192.307
1,2116,48,178.358,2424,52,187.689,2322,51,192.307
1,2117,48,178.358,2425,52,187.689,2323,51,192.307
1,2118,48,178.358,2426,52,187.689,2324,51,192.307
1,2119,48,178.358,2427,52,187.689,2325,51,192.307
1,2120,48,178.358,2428,52,187.689,2326,51,192.307
1,2121,48,178.358,2429,52,187.689,2327,51,192.307
1,2122,48,178.358,2430,52,187.689,2328,51,192.307
1,2123,48,178.358,2431,52,187.689,2329,51,192.307
1,2124,48,178.358,2432,52,187.689,2330,51,192.307
1,2125,48,178.358,2433,52,187.689,2331,51,192.307
1,2126,48,178.358,2434,52,187.689,2332,51,191.667
1,2127,48,178.358,2435,52,187.689,2333,51,191.667
1,2128,48,178.358,2436,52,187.689,2334,51,191.667
1,2129,48,178.358,2437,52,187.689,2335,51,191.667
1,2130,48,178.358,2438,52,187.689,2336,51,191.667
1,2131,48,178.358,2439,52,187.689,2337,51,191.667
1,2132,48,178.358,2440,52,187.689,2338,51,191.667
1,2133,48,178.358,2441,52,187.689,2339,51,191.667
1,2134,48,178.358,2442,52,187.689,2340,51,191.667
1,2135,48,178.358,2443,52,187.689,2341,51,191.667
1,2136,48,178.358,2444,52,187.689,2342,51,191.667
1,2137,48,178.358,2445,52,187.689,2343,51,191.667
1,2138,48,178.358,2446,52,187.689,2344,51,191.667
1,2139,49,178.358,2447,52,187.689,2345,51,191.667
1,2140,49,178.358,2448,52,187.689,2346,51,191.667
1,2141,49,178.358,2449,52,187.689,2347,51,191.656
1,2142,49,178.358,2450,52,187.689,2348,51,191.656
1,2143,49,178.358,2451,52,187.689,2349,51,191.656
1,2144,49,178.358,2452,52,187.689,2350,51,191.656
1,2145,49,178.358,2453,52,187.689,2351,51,191.656
1,2146,48,178.358,2454,52,187.689,2352,51,191.656
1,2147,48,178.358,2455,52,187.689,2353,51,191.656
1,2148,48,178.358,2456,52,187.689,2354,51,191.656
1,2149,48,178.358,2457,52,187.689,2355,51,191.656
1,2150,48,178.358,2458,52,187.689,2356,51,191.656
1,2151,48,178.358,2459,52,187.689,2357,51,191.656
1,2152,48,178.358,2460,52,187.689,2358,51,191.656
1,2153,48,178.358,2461,52,187.689,2359,51,191.656
1,2154,48,178.358,2462,52,187.689,2360,51,191.656
1,2155,48,178.358,2463,52,187.689,2361,51,191.656
1,2156,48,178.358,2464,52,187.689,2362,51,191.656
1,2157,48,178.358,2465,52,187.689,2363,51,191.656
1,2158,48,178.358,2466,52,187.689,2364,51,191.656
1,2159,48,178.358,2467,52,187.689,2365,51,191.656
1,2160,48,178.358,2468,52,187.689,2366,51,191.656
1,2161,48,178.358,2469,52,187.689,2367,51,191.656
1,2162,48,178.358,2470,52,187.689,2368,51,191.656
1,2163,48,178.358,2471,52,187.689,2369,51,191.656
1,2164,48,178.358,2472,52,187.689,2370,51,191.656
1,2165,48,178.358,2473,52,187.689,2371,51,191.656
1,2166,48,178.358,2474,52,187.689,2372,51,191.656
1,2167,48,178.358,2475,52,187.689,2373,51,191.656
1,2168,48,178.358,2476,52,187.689,2374,51,191.656
1,2169,48,178.358,2477,52,187.689,2375,51,191.656
1,2170,49,178.358,2478,52,187.689,2376,51,191.656
1,2171,49,178.358,2479,52,187.689,2377,51,191.656
1,2172,49,178.358,2480,52,187.689,2378,51,191.656
1,2173,49,178.358,2481,52,187.689,2379,51,191.656
1,2174,49,178.358,2482,52,187.687,2380,51,191.656
1,2175,49,178.358,2483,52,187.687,2381,51,191.656
1,2176,49,178.305,2484,52,187.687,2382,51,191.656
1,2177,49,178.305,2485,52,187.687,2383,51,191.656
1,2178,49,178.305,2486,52,187.687,2384,51,191.656
1,2179,49,178.305,2487,52,187.687,2385,51,191.656
1,2180,49,178.305,2488,52,187.687,2386,51,191.656
1,2181,49,178.305,2489,52,187.687,2387,51,191.656
1,2182,49,178.305,2490,52,187.687,2388,51,191.656
1,2183,49,178.305,2491,52,187.687,2389,51,191.656
1,2184,49,178.305,2492,52,187.687,2390,51,191.656
1,2185,49,178.3,2493,52,187.687,2391,51,191.656
1,2186,49,178.3,2494,52,187.687,2392,51,191.656
1,2187,49,178.3,2495,52,187.687,2393,51,191.656
1,2188,49,178.3,2496,52,187.687,2394,51,191.656
1,2189,49,178.3,2497,52,187.687,2395,51,190.94
1,2190,49,178.3,2498,52,187.687,2396,51,190.94
1,2191,49,178.3,2499,52,187.687,2397,51,190.94
1,2192,49,178.3,2500,52,187.687,2398,51,190.94
1,2193,49,178.3,2501,52,187.687,2399,51,190.94
1,2194,49,178.3,2502,52,187.687,2400,51,190.94
1,2195,49,178.3,2503,52,187.687,2401,51,190.94
1,2196,49,178.3,2504,52,187.687,2402,51,190.94
1,2197,49,178.3,2505,52,187.687,2403,51,190.94
1,2198,49,178.3,2506,52,187.687,2404,51,190.94
1,2199,49,178.3,2507,52,187.687,2405,51,190.94
1,2200,49,178.3,2508,52,187.687,2406,51,190.94
1,2201,49,178.3,2509,52,187.687,2407,51,190.94
1,2202,49,178.3,2510,52,187.687,2408,51,190.94
1,2203,49,178.3,2511,52,187.687,2409,51,190.94
1,2204,49,178.3,2512,52,187.687,2410,51,190.94
1,2205,49,178.3,2513,52,187.687,2411,51,190.94
1,2206,49,178.3,2514,52,187.687,2412,51,190.94
1,2207,49,178.265,2515,52,187.687,2413,51,190.94
1,2208,49,178.265,2516,52,187.687,2414,51,190.94
1,2209,49,178.265,2517,52,187.687,2415,51,190.94
1,2210,49,178.265,2518,52,187.687,2416,51,190.94
1,2211,49,178.265,2519,52,187.687,2417,51,190.94
1,2212,49,178.265,2520,52,187.687,2418,51,190.94
1,2213,49,178.265,2521,52,187.687,2419,51,190.94
1,2214,49,178.265,2522,52,187.687,2420,51,190.94
1,2215,49,178.265,2523,52,187.687,2421,51,190.94
1,2216,49,178.265,2524,52,187.687,2422,51,190.94
1,2217,49,178.265,2525,52,187.687,2423,51,190.94
1,2218,49,178.265,2526,52,187.467,2424,51,190.94
1,2219,49,178.265,2527,52,187.467,2425,51,190.94
1,2220,49,178.265,2528,52,187.467,2426,51,190.94
1,2221,49,178.265,2529,52,187.467,2427,51,190.94
1,2222,49,178.265,2530,52,187.467,2428,51,190.94
1,2223,49,178.265,2531,52,187.467,2429,51,190.94
1,2224,49,178.265,2532,52,187.467,2430,51,190.94
1,2225,49,178.265,2533,52,187.467,2431,51,190.94
1,2226,49,178.265,2534,52,187.467,2432,51,190.94
1,2227,49,178.265,2535,51,187.467,2433,51,190.94
1,2228,49,178.265,2536,51,187.467,2434,51,190.94
1,2229,49,178.265,2537,51,187.467,2435,51,190.94
1,2230,49,178.265,2538,51,187.467,2436,51,190.94
1,2231,49,178.265,2539,51,187.467,2437,51,190.94
1,2232,49,178.265,2540,51,187.467,2438,51,190.94
1,2233,49,178.265,2541,51,187.467,2439,51,190.94
1,2234,49,178.265,2542,51,187.467,2440,51,190.94
1,2235,49,178.265,2543,51,187.467,2441,51,190.94
1,2236,49,178.265,2544,51,187.467,2442,51,190.94
1,2237,49,178.265,2545,51,187.467,2443,51,190.94
1,2238,49,178.265,2546,51,187.467,2444,51,190.94
1,2239,49,178.265,2547,51,187.467,2445,51,190.94
1,2240,49,178.265,2548,51,187.467,2446,51,190.94
1,2241,49,178.265,2549,51,187.467,2447,51,190.94
1,2242,49,178.221,2550,51,187.467,2448,51,190.94
1,2243,49,178.221,2551,51,187.467,2449,51,190.94
1,2244,49,178.221,2552,51,187.467,2450,51,190.94
1,2245,49,178.221,2553,51,187.467,2451,51,190.94
1,2246,49,178.221,2554,51,187.467,2452,51,190.94
1,2247,49,178.221,2555,51,187.467,2453,51,190.94
1,2248,49,178.221,2556,51,187.467,2454,51,190.94
1,2249,49,178.221,2557,51,187.467,2455,51,190.94
1,2250,49,178.221,2558,51,187.467,2456,51,190.94
1,2251,49,178.221,2559,51,187.467,2457,51,190.94
1,2252,49,178.221,2560,51,187.467,2458,51,190.94
1,2253,49,178.221,2561,51,187.467,2459,51,190.94
1,2254,49,178.221,2562,51,187.467,2460,51,190.94
1,2255,49,178.221,2563,51,187.467,2461,51,190.94
1,2256,49,178.221,2564,51,187.467,2462,51,190.94
1,2257,47,178.221,2565,51,187.467,2463,51,190.94
1,2258,47,178.221,2566,51,187.467,2464,51,190.94
1,2259,47,178.221,2567,51,187.467,2465,51,190.94
1,2260,47,178.221,2568,51,187.467,2466,51,190.94
1,2261,47,178.221,2569,51,187.467,2467,51,190.94
1,2262,47,178.221,2570,51,187.467,2468,51,190.94
1,2263,47,178.221,2571,51,187.467,2469,51,190.94
1,2264,47,178.221,2572,51,187.467,2470,51,190.94
1,2265,47,178.221,2573,51,187.467,2471,,
1,2266,47,178.221,2574,51,187.467,,,
1,2267,47,178.221,2575,51,187.467,,,
1,2268,47,178.221,2576,51,187.467,,,
1,2269,47,178.221,2577,51,187.467,,,
1,2270,47,178.221,2578,51,187.467,,,
1,2271,47,178.221,2579,51,187.467,,,
1,2272,47,178.221,2580,51,187.467,,,
1,2273,47,178.221,2581,51,187.467,,,
1,2274,47,178.221,2582,51,187.467,,,
1,2275,47,178.221,2583,51,187.422,,,
1,2276,47,178.22,2584,51,187.422,,,
1,2277,47,178.22,2585,51,187.422,,,
1,2278,47,178.22,2586,51,187.422,,,
1,2279,47,178.22,2587,51,187.422,,,
1,2280,47,178.22,2588,51,187.422,,,
1,2281,47,178.22,2589,51,187.422,,,
1,2282,47,178.22,2590,51,187.422,,,
1,2283,47,178.22,2591,51,187.422,,,
1,2284,47,178.22,2592,51,187.422,,,
1,2285,47,178.22,2593,51,187.422,,,
1,2286,47,178.22,2594,51,187.422,,,
1,2287,47,178.22,2595,51,187.422,,,
1,2288,47,178.22,2596,51,187.422,,,
1,2289,47,178.22,2597,51,187.422,,,
1,2290,47,178.22,2598,51,187.422,,,
1,2291,47,178.22,2599,51,187.422,,,
1,2292,47,178.22,2600,51,187.422,,,
1,2293,47,178.22,2601,51,187.422,,,
1,2294,47,178.22,2602,51,187.422,,,
1,2295,47,178.22,2603,51,187.422,,,
1,2296,47,178.22,2604,51,187.422,,,
1,2297,47,178.22,2605,51,187.422,,,
1,2298,47,178.22,2606,51,187.422,,,
1,2299,47,178.22,2607,51,187.422,,,
1,2300,47,178.22,2608,51,187.422,,,
1,2301,47,178.22,2609,51,187.422,,,
1,2302,47,178.22,2610,51,187.422,,,
1,2303,47,178.22,2611,51,187.422,,,
1,2304,47,178.22,2612,51,187.422,,,
1,2305,47,178.22,2613,51,187.422,,,
1,2306,47,178.22,2614,51,187.422,,,
1,2307,47,178.22,2615,51,187.422,,,
1,2308,47,178.22,2616,51,187.422,,,
1,2309,47,178.22,2617,51,187.422,,,
1,2310,47,178.22,2618,51,187.422,,,
1,2311,47,178.22,2619,51,187.422,,,
1,2312,47,178.22,2620,51,187.422,,,
1,2313,47,178.22,2621,51,187.422,,,
1,2314,47,178.22,2622,51,187.422,,,
1,2315,47,178.22,2623,51,187.422,,,
1,2316,47,178.22,2624,51,187.422,,,
1,2317,47,178.22,2625,51,187.422,,,
1,2318,47,178.22,2626,51,187.422,,,
1,2319,47,178.22,2627,51,187.422,,,
1,2320,47,178.22,2628,51,187.422,,,
1,2321,47,178.22,2629,51,187.422,,,
1,2322,47,178.22,2630,51,187.422,,,
1,2323,47,178.22,2631,51,187.422,,,
1,2324,47,178.22,2632,51,187.422,,,
1,2325,47,178.182,2633,51,187.422,,,
1,2326,47,178.182,2634,51,187.422,,,
1,2327,47,178.182,2635,51,187.422,,,
1,2328,47,178.182,2636,51,187.422,,,
1,2329,47,178.182,2637,51,187.422,,,
1,2330,47,178.182,2638,51,187.422,,,
1,2331,47,178.182,2639,51,187.422,,,
1,2332,47,178.182,2640,51,187.422,,,
1,2333,47,178.182,2641,51,187.422,,,
1,2334,47,178.182,2642,51,187.422,,,
1,2335,47,178.182,2643,51,187.422,,,
1,2336,47,178.182,2644,51,187.422,,,
1,2337,47,178.182,2645,51,187.422,,,
1,2338,47,178.182,2646,51,187.422,,,
1,2339,48,178.182,2647,51,187.422,,,
1,2340,48,178.182,2648,51,187.422,,,
1,2341,48,178.182,2649,51,187.422,,,
1,2342,48,178.182,2650,51,187.422,,,
1,2343,48,178.182,2651,51,187.422,,,
1,2344,48,178.182,2652,51,187.422,,,
1,2345,48,178.182,2653,51,187.422,,,
1,2346,48,178.182,2654,51,187.422,,,
1,2347,48,178.182,2655,51,187.422,,,
1,2348,48,178.182,2656,51,187.422,,,
1,2349,48,178.182,2657,51,187.422,,,
1,2350,48,178.182,2658,51,187.422,,,
1,2351,48,178.182,2659,51,187.422,,,
1,2352,48,178.182,2660,51,187.422,,,
1,2353,48,178.182,2661,51,187.422,,,
1,2354,48,178.182,2662,51,187.406,,,
1,2355,48,178.182,2663,51,187.406,,,
1,2356,48,178.163,2664,51,187.406,,,
1,2357,48,178.163,2665,51,187.406,,,
1,2358,48,178.163,2666,51,187.406,,,
1,2359,49,178.163,2667,51,187.406,,,
1,2360,49,178.163,2668,51,187.406,,,
1,2361,49,178.163,2669,51,187.406,,,
1,2362,49,178.163,2670,51,187.406,,,
1,2363,49,178.163,2671,51,187.406,,,
1,2364,49,178.163,2672,51,187.406,,,
1,2365,49,178.163,2673,51,187.406,,,
1,2366,49,178.163,2674,51,187.406,,,
1,2367,49,178.163,2675,51,187.406,,,
1,2368,49,178.163,2676,51,187.406,,,
1,2369,49,178.163,2677,51,187.406,,,
1,2370,49,178.163,2678,51,187.406,,,
1,2371,49,178.163,2679,51,187.406,,,
1,2372,49,178.163,2680,51,187.406,,,
1,2373,49,178.163,2681,51,187.406,,,
1,2374,49,178.163,2682,51,187.406,,,
1,2375,49,178.158,2683,51,187.406,,,
1,2376,49,178.158,2684,51,187.406,,,
1,2377,49,178.158,2685,51,187.406,,,
1,2378,49,178.158,2686,51,187.406,,,
1,2379,49,178.158,2687,51,187.406,,,
1,2380,49,178.158,2688,51,187.406,,,
1,2381,49,178.158,2689,51,187.406,,,
1,2382,49,178.158,2690,51,187.406,,,
1,2383,49,178.158,2691,51,187.406,,,
1,2384,49,178.158,2692,51,187.406,,,
1,2385,49,178.158,2693,51,187.406,,,
1,2386,49,178.158,2694,51,187.406,,,
1,2387,49,178.158,2695,51,187.406,,,
1,2388,49,178.158,2696,51,187.406,,,
1,2389,49,178.158,2697,51,187.406,,,
1,2390,49,178.158,2698,51,187.406,,,
1,2391,49,178.158,2699,51,187.406,,,
1,2392,49,178.158,2700,51,187.406,,,
1,2393,48,178.158,2701,51,187.406,,,
1,2394,48,178.158,2702,51,187.406,,,
1,2395,48,178.158,2703,51,187.406,,,
1,2396,48,178.158,2704,51,187.406,,,
1,2397,48,178.138,2705,51,187.406,,,
1,2398,48,178.138,2706,51,187.406,,,
1,2399,48,178.138,2707,51,187.406,,,
1,2400,48,178.138,2708,51,187.406,,,
1,2401,48,178.138,2709,51,187.406,,,
1,2402,48,178.138,2710,51,187.406,,,
1,2403,48,178.138,2711,51,187.406,,,
1,2404,48,178.138,2712,51,187.406,,,
1,2405,48,178.134,2713,51,187.406,,,
1,2406,48,178.134,2714,51,187.406,,,
1,2407,48,178.134,2715,51,187.406,,,
1,2408,48,178.134,2716,51,187.406,,,
1,2409,48,178.134,2717,51,187.406,,,
1,2410,48,178.134,2718,51,187.406,,,
