test, rrt iteration, number of waypoints, distance to goal
1,719,0,195.564
1,720,55,195.564
1,721,55,195.564
1,722,55,195.564
1,723,55,195.564
1,724,55,195.564
1,725,55,195.564
1,726,55,195.564
1,727,55,195.564
1,728,55,195.564
1,729,55,195.564
1,730,55,195.564
1,731,55,195.564
1,732,55,195.564
1,733,55,195.564
1,734,55,195.564
1,735,55,195.564
1,736,55,195.564
1,737,55,195.564
1,738,55,195.564
1,739,55,195.564
1,740,55,195.564
1,741,55,195.564
1,742,55,195.564
1,743,55,195.564
1,744,55,195.564
1,745,55,195.564
1,746,55,195.564
1,747,55,195.564
1,748,55,195.564
1,749,55,195.564
1,750,55,195.564
1,751,55,195.564
1,752,55,195.564
1,753,55,195.564
1,754,55,195.564
1,755,55,195.564
1,756,55,195.564
1,757,55,195.564
1,758,55,195.564
1,759,55,195.564
1,760,55,195.564
1,761,55,195.564
1,762,55,195.564
1,763,55,195.564
1,764,55,195.564
1,765,55,195.564
1,766,55,195.564
1,767,55,195.564
1,768,55,195.564
1,769,55,195.564
1,770,55,195.564
1,771,55,195.564
1,772,55,195.564
1,773,55,195.564
1,774,55,195.564
1,775,55,195.564
1,776,55,195.564
1,777,55,195.564
1,778,55,195.564
1,779,55,195.564
1,780,55,195.564
1,781,55,195.564
1,782,55,195.564
1,783,55,195.564
1,784,55,195.564
1,785,55,195.564
1,786,55,195.564
1,787,55,195.564
1,788,55,195.564
1,789,55,195.564
1,790,55,195.564
1,791,55,195.564
1,792,55,195.564
1,793,55,195.564
1,794,55,195.564
1,795,55,195.564
1,796,55,195.564
1,797,55,195.564
1,798,55,195.564
1,799,55,195.564
1,800,55,195.564
1,801,55,195.564
1,802,55,195.564
1,803,55,195.564
1,804,55,195.564
1,805,55,195.564
1,806,55,195.564
1,807,55,195.564
1,808,55,195.564
1,809,55,195.564
1,810,55,195.564
1,811,55,195.564
1,812,55,195.564
1,813,55,195.564
1,814,55,195.564
1,815,55,195.564
1,816,55,195.564
1,817,55,195.564
1,818,55,195.564
1,819,55,195.564
1,820,55,195.564
1,821,55,195.564
1,822,55,195.564
1,823,55,195.564
1,824,55,195.564
1,825,55,195.564
1,826,55,195.564
1,827,55,195.564
1,828,55,195.564
1,829,55,195.564
1,830,55,195.564
1,831,55,195.564
1,832,55,195.564
1,833,55,195.564
1,834,55,195.564
1,835,55,195.169
1,836,55,195.169
1,837,55,195.169
1,838,55,195.169
1,839,55,195.169
1,840,55,195.169
1,841,55,194.672
1,842,55,194.672
1,843,55,194.672
1,844,55,194.672
1,845,55,194.672
1,846,55,194.672
1,847,55,194.672
1,848,55,194.672
1,849,55,194.672
1,850,55,194.672
1,851,55,194.672
1,852,55,194.672
1,853,55,194.672
1,854,55,194.672
1,855,55,194.672
1,856,55,194.672
1,857,55,194.672
1,858,55,194.672
1,859,55,194.672
1,860,55,194.672
1,861,55,194.672
1,862,55,194.672
1,863,55,194.672
1,864,55,194.672
1,865,55,193.618
1,866,55,193.618
1,867,55,193.618
1,868,55,193.618
1,869,55,193.618
1,870,55,193.618
1,871,55,193.618
1,872,55,193.618
1,873,55,193.618
1,874,55,193.618
1,875,55,193.618
1,876,55,192.921
1,877,55,192.921
1,878,55,192.921
1,879,55,192.921
1,880,55,192.921
1,881,55,192.921
1,882,55,192.921
1,883,55,192.921
1,884,55,192.921
1,885,55,192.921
1,886,55,192.921
1,887,55,192.921
1,888,55,192.921
1,889,55,192.921
1,890,55,192.921
1,891,55,192.921
1,892,55,192.921
1,893,55,192.921
1,894,55,192.921
1,895,55,192.921
1,896,55,192.921
1,897,55,192.921
1,898,55,192.921
1,899,55,192.921
1,900,55,192.921
1,901,55,192.921
1,902,55,192.921
1,903,55,192.921
1,904,55,192.921
1,905,55,192.921
1,906,55,192.921
1,907,55,192.921
1,908,55,192.916
1,909,55,192.916
1,910,55,192.916
1,911,55,192.916
1,912,55,192.916
1,913,55,192.916
1,914,55,192.916
1,915,55,192.916
1,916,55,192.916
1,917,55,192.916
1,918,55,192.916
1,919,55,192.916
1,920,55,192.916
1,921,55,192.916
1,922,55,192.916
1,923,55,192.916
1,924,55,192.916
1,925,55,192.916
1,926,55,192.916
1,927,55,192.916
1,928,55,192.916
1,929,55,192.916
1,930,55,192.916
1,931,55,192.916
1,932,55,192.916
1,933,55,192.916
1,934,55,192.916
1,935,55,192.916
1,936,54,192.916
1,937,54,192.916
1,938,54,192.916
1,939,54,192.916
1,940,54,192.916
1,941,54,192.916
1,942,54,192.916
1,943,54,192.916
1,944,54,192.916
1,945,54,192.916
1,946,54,192.916
1,947,54,192.479
1,948,54,192.479
1,949,54,192.479
1,950,54,192.479
1,951,54,192.479
1,952,54,192.479
1,953,54,192.479
1,954,54,192.479
1,955,54,192.479
1,956,54,192.479
1,957,54,192.479
1,958,54,192.479
1,959,54,192.479
1,960,54,192.479
1,961,54,192.479
1,962,54,192.479
1,963,54,192.479
1,964,54,192.479
1,965,54,192.479
1,966,54,192.479
1,967,54,191.492
1,968,54,191.492
1,969,54,191.492
1,970,54,191.492
1,971,54,191.492
1,972,54,191.492
1,973,54,191.492
1,974,54,191.492
1,975,54,191.492
1,976,54,191.492
1,977,54,191.492
1,978,54,191.492
1,979,54,191.492
1,980,53,191.492
1,981,53,191.492
1,982,53,191.492
1,983,53,191.492
1,984,53,191.492
1,985,53,191.492
1,986,53,191.492
1,987,53,191.492
1,988,53,191.492
1,989,53,191.492
1,990,53,191.492
1,991,53,191.492
1,992,53,191.492
1,993,53,191.492
1,994,53,191.492
1,995,53,191.492
1,996,53,191.492
1,997,53,191.492
1,998,53,191.492
1,999,53,191.492
1,1000,53,191.492
1,1001,53,191.492
1,1002,53,191.492
1,1003,53,191.492
1,1004,53,191.492
1,1005,53,191.492
1,1006,53,191.492
1,1007,53,191.492
1,1008,53,191.492
1,1009,52,191.492
1,1010,52,191.492
1,1011,52,191.492
1,1012,52,191.492
1,1013,52,191.492
1,1014,52,191.492
1,1015,52,191.492
1,1016,52,191.492
1,1017,52,191.492
1,1018,52,191.492
1,1019,52,191.492
1,1020,52,191.492
1,1021,52,191.492
1,1022,52,191.492
1,1023,52,191.267
1,1024,52,191.267
1,1025,52,191.267
1,1026,52,191.267
1,1027,52,191.267
1,1028,52,191.267
1,1029,52,191.267
1,1030,52,191.267
1,1031,52,191.267
1,1032,52,191.267
1,1033,52,191.267
1,1034,52,191.267
1,1035,52,191.267
1,1036,52,191.267
1,1037,52,191.267
1,1038,52,191.267
1,1039,52,191.267
1,1040,52,191.267
1,1041,52,191.267
1,1042,52,191.267
1,1043,52,191.267
1,1044,52,191.267
1,1045,52,191.267
1,1046,52,191.267
1,1047,52,191.267
1,1048,52,191.267
1,1049,52,191.267
1,1050,52,191.267
1,1051,52,191.267
1,1052,52,191.267
1,1053,52,191.267
1,1054,52,191.267
1,1055,52,191.267
1,1056,52,191.267
1,1057,52,191.267
1,1058,52,191.267
1,1059,52,191.267
1,1060,52,191.267
1,1061,52,191.267
1,1062,52,191.267
1,1063,52,191.267
1,1064,52,191.267
1,1065,52,191.267
1,1066,52,191.267
1,1067,52,191.267
1,1068,52,191.267
1,1069,52,191.267
1,1070,52,191.267
1,1071,52,191.267
1,1072,52,191.267
1,1073,52,191.267
1,1074,52,191.267
1,1075,52,191.267
1,1076,52,191.267
1,1077,52,191.267
1,1078,52,191.267
1,1079,52,191.267
1,1080,52,191.267
1,1081,52,191.267
1,1082,52,191.267
1,1083,52,191.267
1,1084,52,191.267
1,1085,52,191.267
1,1086,52,191.267
1,1087,52,191.267
1,1088,52,191.267
1,1089,52,191.267
1,1090,52,191.267
1,1091,52,191.267
1,1092,53,191.267
1,1093,53,191.267
1,1094,53,191.267
1,1095,53,191.267
1,1096,53,191.267
1,1097,53,191.267
1,1098,53,191.267
1,1099,53,191.267
1,1100,53,191.267
1,1101,53,191.267
1,1102,53,191.267
1,1103,53,191.267
1,1104,53,191.267
1,1105,53,191.267
1,1106,53,191.267
1,1107,53,191.267
1,1108,53,191.267
1,1109,53,191.267
1,1110,53,191.267
1,1111,53,191.267
1,1112,53,191.267
1,1113,53,191.267
1,1114,53,191.267
1,1115,53,191.267
1,1116,53,191.267
1,1117,53,191.267
1,1118,53,191.267
1,1119,53,191.267
1,1120,53,191.267
1,1121,53,191.267
1,1122,53,191.267
1,1123,53,191.267
1,1124,53,191.267
1,1125,53,191.267
1,1126,53,191.267
1,1127,53,191.267
1,1128,53,191.267
1,1129,53,191.267
1,1130,53,191.267
1,1131,53,191.267
1,1132,53,191.267
1,1133,53,191.267
1,1134,53,191.267
1,1135,53,191.267
1,1136,53,191.267
1,1137,53,191.267
1,1138,53,191.267
1,1139,53,191.267
1,1140,53,191.267
1,1141,53,191.267
1,1142,53,191.267
1,1143,54,191.267
1,1144,54,191.267
1,1145,54,191.267
1,1146,54,191.267
1,1147,54,191.267
1,1148,54,191.267
1,1149,54,191.267
1,1150,54,191.267
1,1151,54,191.267
1,1152,54,191.263
1,1153,54,191.263
1,1154,54,191.263
1,1155,54,191.263
1,1156,54,191.263
1,1157,54,191.263
1,1158,54,191.263
1,1159,54,191.263
1,1160,54,191.263
1,1161,54,191.263
1,1162,54,191.263
1,1163,54,191.263
1,1164,54,191.263
1,1165,54,191.263
1,1166,54,191.263
1,1167,54,191.263
1,1168,54,191.263
1,1169,54,191.263
1,1170,54,191.263
1,1171,53,191.263
1,1172,53,191.263
1,1173,53,191.263
1,1174,53,191.262
1,1175,53,191.262
1,1176,53,191.262
1,1177,53,191.262
1,1178,53,191.262
1,1179,53,191.262
1,1180,53,191.262
1,1181,53,191.262
1,1182,53,191.262
1,1183,53,191.262
1,1184,53,191.262
1,1185,53,191.262
1,1186,53,191.262
1,1187,53,191.262
1,1188,53,191.262
1,1189,53,191.262
1,1190,53,191.262
1,1191,52,191.262
1,1192,52,191.262
1,1193,52,191.262
1,1194,52,191.262
1,1195,52,191.262
1,1196,52,191.262
1,1197,52,191.262
1,1198,52,191.262
1,1199,52,191.262
1,1200,52,191.262
1,1201,52,191.262
1,1202,52,191.262
1,1203,52,191.262
1,1204,52,191.262
1,1205,52,191.262
1,1206,52,191.262
1,1207,52,191.212
1,1208,52,191.212
1,1209,52,191.212
1,1210,52,191.212
1,1211,52,191.212
1,1212,52,191.212
1,1213,52,191.212
1,1214,52,191.212
1,1215,52,191.212
1,1216,52,191.212
1,1217,52,191.212
1,1218,52,191.212
1,1219,52,191.212
1,1220,52,191.212
1,1221,52,191.212
1,1222,52,191.212
1,1223,52,191.212
1,1224,52,191.212
1,1225,52,191.212
1,1226,52,191.212
1,1227,52,191.212
1,1228,52,191.212
1,1229,52,191.212
1,1230,52,191.131
1,1231,52,191.131
1,1232,52,191.131
1,1233,52,191.131
1,1234,52,191.131
1,1235,52,191.131
1,1236,52,191.131
1,1237,52,191.131
1,1238,52,191.131
1,1239,52,191.131
1,1240,52,191.131
1,1241,52,191.131
1,1242,52,191.131
1,1243,52,191.131
1,1244,52,191.131
1,1245,52,191.131
1,1246,52,191.131
1,1247,52,191.131
1,1248,52,191.131
1,1249,52,191.131
1,1250,52,191.131
1,1251,52,191.131
1,1252,52,191.131
1,1253,52,191.131
1,1254,52,191.131
1,1255,52,191.131
1,1256,52,191.131
1,1257,52,191.131
1,1258,52,191.131
1,1259,52,191.131
1,1260,52,191.131
1,1261,52,191.131
1,1262,52,191.131
1,1263,52,191.131
1,1264,52,191.131
1,1265,52,191.131
1,1266,52,191.131
1,1267,52,191.131
1,1268,52,191.131
1,1269,52,191.131
1,1270,52,191.131
1,1271,52,191.131
1,1272,52,191.131
1,1273,52,191.131
1,1274,52,191.131
1,1275,52,191.131
1,1276,52,191.131
1,1277,52,191.131
1,1278,52,191.131
1,1279,52,191.131
1,1280,52,191.131
1,1281,52,191.131
1,1282,52,191.131
1,1283,52,191.131
1,1284,52,191.131
1,1285,52,191.131
1,1286,52,191.131
1,1287,52,191.131
1,1288,52,191.131
1,1289,52,191.131
1,1290,52,191.131
1,1291,52,191.131
1,1292,52,191.131
1,1293,52,191.131
1,1294,52,191.131
1,1295,52,191.11
1,1296,52,191.11
1,1297,52,191.11
1,1298,52,191.11
1,1299,52,191.11
1,1300,52,191.11
1,1301,52,191.11
1,1302,52,191.11
1,1303,52,191.11
1,1304,52,191.11
1,1305,52,191.11
1,1306,52,191.11
1,1307,52,191.11
1,1308,52,191.11
1,1309,52,191.11
1,1310,52,191.11
1,1311,52,191.11
1,1312,52,191.11
1,1313,52,191.11
1,1314,52,191.11
1,1315,52,191.11
1,1316,52,191.11
1,1317,52,191.11
1,1318,52,191.11
1,1319,52,191.11
1,1320,52,191.11
1,1321,52,191.11
1,1322,52,191.11
1,1323,52,191.11
1,1324,52,191.11
1,1325,52,191.11
1,1326,52,191.11
1,1327,52,191.11
1,1328,52,191.11
1,1329,52,191.11
1,1330,52,191.11
1,1331,52,191.11
1,1332,52,191.11
1,1333,52,191.11
1,1334,52,191.11
1,1335,52,191.11
1,1336,52,191.11
1,1337,52,191.11
1,1338,52,191.11
1,1339,52,191.11
1,1340,52,191.11
1,1341,52,191.11
1,1342,52,191.11
1,1343,52,191.11
1,1344,52,191.11
1,1345,52,191.11
1,1346,52,191.11
1,1347,52,191.11
1,1348,52,191.11
1,1349,52,191.11
1,1350,52,191.11
1,1351,52,191.11
1,1352,52,191.11
1,1353,52,191.11
1,1354,52,191.11
1,1355,52,191.11
1,1356,52,191.11
1,1357,52,191.11
1,1358,52,191.11
1,1359,52,191.11
1,1360,52,191.11
1,1361,52,191.11
1,1362,52,191.11
1,1363,52,191.11
1,1364,52,191.11
1,1365,52,191.11
1,1366,52,191.11
1,1367,52,191.11
1,1368,52,191.11
1,1369,52,191.11
1,1370,52,191.11
1,1371,52,191.11
1,1372,52,191.11
1,1373,52,191.11
1,1374,52,191.11
1,1375,52,191.11
1,1376,52,191.11
1,1377,52,191.11
1,1378,52,191.11
1,1379,52,191.11
1,1380,52,191.11
1,1381,52,191.11
1,1382,52,191.11
1,1383,52,191.11
1,1384,52,191.11
1,1385,52,191.11
1,1386,52,191.11
1,1387,52,191.11
1,1388,52,191.11
1,1389,52,191.11
1,1390,52,191.11
1,1391,52,191.11
1,1392,52,191.11
1,1393,52,191.11
1,1394,52,191.11
1,1395,52,191.11
1,1396,52,191.11
1,1397,52,191.11
1,1398,52,191.11
1,1399,52,191.11
1,1400,52,191.11
1,1401,52,191.11
1,1402,52,191.11
1,1403,52,191.11
1,1404,52,191.11
1,1405,52,191.11
1,1406,52,191.11
1,1407,52,191.11
1,1408,52,191.11
1,1409,52,191.11
1,1410,52,191.11
1,1411,52,191.11
1,1412,52,191.11
1,1413,52,191.11
1,1414,52,191.11
1,1415,52,191.11
1,1416,52,191.11
1,1417,52,191.11
1,1418,52,191.11
1,1419,52,191.11
1,1420,52,191.11
1,1421,52,191.11
1,1422,52,191.11
1,1423,52,191.11
1,1424,52,191.11
1,1425,52,191.11
1,1426,52,191.11
1,1427,52,191.11
1,1428,52,191.11
1,1429,52,191.11
1,1430,52,191.11
1,1431,52,191.11
1,1432,52,191.11
1,1433,52,191.11
1,1434,52,191.11
1,1435,52,191.11
1,1436,52,191.11
1,1437,52,191.11
1,1438,52,191.11
1,1439,52,191.11
1,1440,52,191.11
1,1441,52,191.11
1,1442,52,191.11
1,1443,52,191.11
1,1444,52,191.11
1,1445,52,191.11
1,1446,52,191.11
1,1447,52,191.11
1,1448,52,191.11
1,1449,52,191.11
1,1450,52,191.11
1,1451,52,191.11
1,1452,52,191.11
1,1453,52,191.11
1,1454,52,191.11
1,1455,52,191.11
1,1456,52,191.11
1,1457,52,191.11
1,1458,52,191.11
1,1459,52,191.11
1,1460,52,191.11
1,1461,52,191.11
1,1462,52,191.11
1,1463,52,191.11
1,1464,52,191.11
1,1465,52,191.11
1,1466,52,191.11
1,1467,52,191.11
1,1468,52,191.11
1,1469,52,191.11
1,1470,52,191.11
1,1471,52,191.11
1,1472,52,191.11
1,1473,52,191.11
1,1474,52,191.11
1,1475,52,191.11
1,1476,52,191.11
1,1477,52,190.4
1,1478,52,190.4
1,1479,52,190.4
1,1480,52,190.4
1,1481,52,190.4
1,1482,52,190.4
1,1483,52,190.4
1,1484,52,190.4
1,1485,52,190.4
1,1486,52,190.4
1,1487,52,190.4
1,1488,52,190.4
1,1489,52,190.4
1,1490,52,190.4
1,1491,52,190.4
1,1492,52,190.4
1,1493,52,190.4
1,1494,52,190.4
1,1495,52,190.4
1,1496,52,190.4
1,1497,52,190.4
1,1498,52,190.4
1,1499,52,190.4
1,1500,52,190.4
1,1501,52,190.4
1,1502,52,190.4
1,1503,52,190.4
1,1504,52,190.4
1,1505,52,190.4
1,1506,52,190.4
1,1507,52,190.4
1,1508,52,190.4
1,1509,52,190.4
1,1510,52,190.4
1,1511,52,190.4
1,1512,52,190.4
1,1513,52,190.4
1,1514,52,190.4
1,1515,52,190.4
1,1516,52,190.4
1,1517,52,190.4
1,1518,52,190.4
1,1519,52,190.4
1,1520,52,190.4
1,1521,52,190.4
1,1522,52,190.4
1,1523,52,190.4
1,1524,52,190.4
1,1525,52,190.4
1,1526,52,190.4
1,1527,52,190.4
1,1528,52,190.4
1,1529,52,190.4
1,1530,52,190.4
1,1531,52,190.4
1,1532,52,190.4
1,1533,52,190.4
1,1534,52,190.4
1,1535,52,190.4
1,1536,52,190.4
1,1537,52,190.4
1,1538,52,190.4
1,1539,52,190.4
1,1540,52,190.4
1,1541,52,190.4
1,1542,52,190.4
1,1543,52,190.4
1,1544,52,190.4
1,1545,52,190.4
1,1546,52,190.4
1,1547,52,190.4
1,1548,52,190.4
1,1549,52,190.4
1,1550,52,190.4
1,1551,52,190.4
1,1552,52,190.4
1,1553,52,190.4
1,1554,52,190.4
1,1555,52,190.4
1,1556,52,190.4
1,1557,52,190.4
1,1558,52,190.4
1,1559,52,190.4
1,1560,52,190.4
1,1561,52,190.4
1,1562,52,190.4
1,1563,52,190.4
1,1564,52,190.4
1,1565,52,190.4
1,1566,52,190.4
1,1567,52,190.4
1,1568,52,190.4
1,1569,52,190.4
1,1570,52,190.4
1,1571,52,190.4
1,1572,52,190.4
1,1573,52,190.4
1,1574,52,190.4
1,1575,52,190.4
1,1576,52,190.4
1,1577,52,190.4
1,1578,52,190.4
1,1579,52,190.4
1,1580,52,190.4
1,1581,52,190.4
1,1582,52,190.4
1,1583,52,190.4
1,1584,52,190.4
1,1585,52,190.4
1,1586,52,190.4
1,1587,52,190.4
1,1588,52,190.4
1,1589,52,190.4
1,1590,52,190.4
1,1591,52,190.4
1,1592,52,190.4
1,1593,52,190.4
1,1594,52,190.4
1,1595,52,190.4
1,1596,52,190.4
1,1597,52,190.4
1,1598,52,190.4
1,1599,52,190.4
1,1600,52,190.4
1,1601,52,190.4
1,1602,52,190.4
1,1603,52,190.4
1,1604,52,190.4
1,1605,52,190.4
1,1606,52,190.4
1,1607,52,190.4
1,1608,52,190.4
1,1609,52,190.4
1,1610,52,190.4
1,1611,52,190.4
1,1612,52,190.4
1,1613,52,190.4
1,1614,52,190.4
1,1615,52,190.4
1,1616,52,190.4
1,1617,52,190.4
1,1618,52,190.4
1,1619,52,190.4
1,1620,52,190.4
1,1621,52,190.4
1,1622,52,190.4
1,1623,52,190.4
1,1624,52,190.4
1,1625,52,190.4
1,1626,52,190.4
1,1627,52,190.4
1,1628,52,190.4
1,1629,52,190.4
1,1630,52,190.4
1,1631,52,190.4
1,1632,52,190.4
1,1633,52,190.4
1,1634,52,190.4
1,1635,52,190.4
1,1636,52,190.4
1,1637,52,190.4
1,1638,52,190.4
1,1639,52,190.4
1,1640,52,190.4
1,1641,52,190.4
1,1642,52,190.4
1,1643,52,190.4
1,1644,52,190.4
1,1645,52,190.4
1,1646,52,190.4
1,1647,52,190.4
1,1648,52,190.4
1,1649,52,190.4
1,1650,52,190.4
1,1651,52,190.4
1,1652,52,190.4
1,1653,52,190.366
1,1654,52,190.366
1,1655,52,190.366
1,1656,52,190.366
1,1657,52,190.366
1,1658,52,190.366
1,1659,52,190.366
1,1660,52,190.366
1,1661,52,190.366
1,1662,52,190.366
1,1663,52,190.366
1,1664,52,190.366
1,1665,52,190.366
1,1666,52,190.366
1,1667,52,190.366
1,1668,52,190.366
1,1669,52,190.366
1,1670,52,190.366
1,1671,52,190.366
1,1672,52,190.366
1,1673,52,190.366
1,1674,52,190.366
1,1675,52,190.366
1,1676,52,190.366
1,1677,52,190.366
1,1678,52,190.366
1,1679,52,190.366
1,1680,52,190.366
1,1681,52,190.366
1,1682,52,190.366
1,1683,52,190.366
1,1684,52,190.366
1,1685,52,190.366
1,1686,52,190.366
1,1687,52,190.366
1,1688,52,190.366
1,1689,52,190.366
1,1690,52,190.366
1,1691,52,190.366
1,1692,52,190.366
1,1693,52,190.366
1,1694,52,190.366
1,1695,52,190.366
1,1696,52,190.366
1,1697,52,190.366
1,1698,52,189.626
1,1699,52,189.626
1,1700,52,189.626
1,1701,52,189.626
1,1702,52,189.626
1,1703,52,189.626
1,1704,52,189.626
1,1705,52,189.626
1,1706,52,189.626
1,1707,52,189.626
1,1708,52,189.626
1,1709,52,189.626
1,1710,52,189.626
1,1711,52,189.626
1,1712,52,189.626
1,1713,52,189.626
1,1714,52,189.626
1,1715,52,189.626
1,1716,52,189.626
1,1717,52,189.626
1,1718,52,189.626
1,1719,52,189.626
1,1720,52,189.621
1,1721,52,189.621
1,1722,52,189.621
1,1723,52,189.621
1,1724,52,189.621
1,1725,52,189.621
1,1726,52,189.621
1,1727,52,189.621
1,1728,52,189.621
1,1729,52,189.621
1,1730,52,189.621
1,1731,52,189.621
1,1732,52,189.621
1,1733,52,189.621
1,1734,52,189.621
1,1735,52,189.621
1,1736,52,189.621
1,1737,52,189.621
1,1738,52,189.621
1,1739,52,189.621
1,1740,52,189.621
1,1741,52,189.621
1,1742,52,189.174
1,1743,52,189.174
1,1744,52,189.174
1,1745,52,189.174
1,1746,52,189.174
1,1747,52,189.174
1,1748,52,189.174
1,1749,52,189.174
1,1750,52,189.174
1,1751,52,189.174
1,1752,52,189.174
1,1753,52,189.174
1,1754,52,189.174
1,1755,52,189.174
1,1756,52,189.174
1,1757,52,189.174
1,1758,52,189.174
1,1759,52,189.174
1,1760,52,189.174
1,1761,52,189.174
1,1762,52,189.174
1,1763,52,189.174
1,1764,52,189.174
1,1765,52,189.174
1,1766,52,189.174
1,1767,52,189.174
1,1768,52,188.393
1,1769,52,188.393
1,1770,52,188.393
1,1771,52,188.393
1,1772,52,188.393
1,1773,52,188.393
1,1774,52,188.393
1,1775,52,188.393
1,1776,52,188.393
1,1777,52,188.393
1,1778,52,188.393
1,1779,52,188.393
1,1780,52,188.393
1,1781,52,188.393
1,1782,52,188.393
1,1783,52,188.393
1,1784,52,188.393
1,1785,52,188.393
1,1786,52,188.393
1,1787,52,188.393
1,1788,52,188.393
1,1789,52,188.393
1,1790,52,188.393
1,1791,52,188.393
1,1792,52,188.393
1,1793,52,188.393
1,1794,52,188.393
1,1795,52,188.393
1,1796,52,188.393
1,1797,52,188.393
1,1798,52,188.393
1,1799,52,188.393
1,1800,52,188.393
1,1801,52,188.393
1,1802,52,188.393
1,1803,52,188.393
1,1804,52,188.393
1,1805,52,188.393
1,1806,52,188.393
1,1807,52,188.393
1,1808,52,188.393
1,1809,52,188.393
1,1810,52,188.393
1,1811,52,188.393
1,1812,52,188.393
1,1813,53,188.393
1,1814,53,188.393
1,1815,53,188.393
1,1816,53,188.393
1,1817,53,188.393
1,1818,53,188.393
1,1819,53,188.393
1,1820,53,188.393
1,1821,53,188.393
1,1822,53,188.393
1,1823,53,188.393
1,1824,53,188.393
1,1825,53,188.393
1,1826,53,188.393
1,1827,53,188.393
1,1828,53,188.393
1,1829,53,188.393
1,1830,53,188.393
1,1831,53,188.393
1,1832,53,188.393
1,1833,53,188.393
1,1834,53,188.393
1,1835,53,188.393
1,1836,53,188.393
1,1837,53,188.393
1,1838,53,188.393
1,1839,53,188.393
1,1840,53,188.393
1,1841,53,188.089
1,1842,53,188.089
1,1843,53,188.089
1,1844,53,188.089
1,1845,53,188.089
1,1846,53,188.089
1,1847,53,188.089
1,1848,53,188.089
1,1849,53,188.089
1,1850,53,188.089
1,1851,53,188.089
1,1852,53,188.089
1,1853,53,188.089
1,1854,53,188.089
1,1855,53,188.089
1,1856,53,188.089
1,1857,53,188.089
1,1858,53,188.089
1,1859,53,188.089
1,1860,53,188.089
1,1861,53,188.089
1,1862,53,188.089
1,1863,53,188.089
1,1864,53,188.089
1,1865,53,188.089
1,1866,53,188.089
1,1867,53,188.089
1,1868,53,188.089
1,1869,53,188.089
1,1870,53,188.089
1,1871,53,188.089
1,1872,53,188.089
1,1873,53,188.089
1,1874,53,188.089
1,1875,53,188.089
1,1876,53,188.089
1,1877,53,188.089
1,1878,52,188.089
1,1879,52,188.089
1,1880,52,188.089
1,1881,52,188.089
1,1882,52,188.089
1,1883,52,188.089
1,1884,52,188.089
1,1885,52,188.089
1,1886,52,188.089
1,1887,52,188.089
1,1888,52,188.089
1,1889,52,188.089
1,1890,52,188.089
1,1891,52,188.089
1,1892,52,188.089
1,1893,52,188.089
1,1894,52,188.089
1,1895,52,188.089
1,1896,52,188.089
1,1897,52,188.089
1,1898,52,188.089
1,1899,52,188.089
1,1900,52,188.089
1,1901,52,188.089
1,1902,52,188.089
1,1903,52,188.089
1,1904,52,188.089
1,1905,52,188.089
1,1906,52,188.089
1,1907,52,188.089
1,1908,52,188.089
1,1909,52,188.089
1,1910,52,188.089
1,1911,52,188.089
1,1912,52,188.089
1,1913,52,188.089
1,1914,52,188.089
1,1915,52,188.089
1,1916,52,188.089
1,1917,52,188.089
1,1918,52,188.089
1,1919,52,188.089
1,1920,52,188.089
1,1921,52,188.089
1,1922,52,188.089
1,1923,52,188.089
1,1924,52,188.089
1,1925,52,188.089
1,1926,52,188.089
1,1927,52,188.089
1,1928,52,188.089
1,1929,51,188.089
1,1930,51,188.089
1,1931,51,188.089
1,1932,51,188.089
1,1933,51,188.089
1,1934,51,188.089
1,1935,51,188.089
1,1936,51,188.089
1,1937,51,188.089
1,1938,51,188.089
1,1939,51,188.089
1,1940,51,188.089
1,1941,51,188.089
1,1942,51,188.089
1,1943,51,188.089
1,1944,51,188.089
1,1945,51,188.089
1,1946,51,188.089
1,1947,51,188.089
1,1948,51,188.089
1,1949,51,188.089
1,1950,51,188.089
1,1951,51,188.089
1,1952,51,188.089
1,1953,51,188.089
1,1954,51,188.089
1,1955,51,188.089
1,1956,51,188.089
1,1957,51,188.089
1,1958,51,188.089
1,1959,51,188.089
1,1960,51,188.089
1,1961,51,188.089
1,1962,51,188.089
1,1963,51,188.089
1,1964,52,188.089
1,1965,52,188.089
1,1966,52,188.089
1,1967,52,188.089
1,1968,52,188.089
1,1969,52,188.089
1,1970,52,188.089
1,1971,52,188.089
1,1972,52,188.089
1,1973,52,188.089
1,1974,52,188.089
1,1975,52,188.072
1,1976,52,188.072
1,1977,52,188.072
1,1978,52,188.072
1,1979,52,188.072
1,1980,52,188.072
1,1981,52,188.072
1,1982,52,188.072
1,1983,52,188.072
1,1984,52,188.072
1,1985,52,188.072
1,1986,52,188.072
1,1987,52,188.072
1,1988,52,188.072
1,1989,52,188.072
1,1990,52,188.072
1,1991,52,188.072
1,1992,52,188.072
1,1993,52,188.072
1,1994,52,188.072
1,1995,52,188.072
1,1996,52,187.98
1,1997,52,187.98
1,1998,52,187.98
1,1999,52,187.98
1,2000,52,187.98
1,2001,52,187.98
1,2002,52,187.98
1,2003,52,187.98
1,2004,52,187.98
1,2005,52,187.98
1,2006,52,187.98
1,2007,52,187.98
1,2008,52,187.98
1,2009,52,187.98
1,2010,52,187.98
1,2011,52,187.98
1,2012,52,187.98
1,2013,52,187.98
1,2014,52,187.98
1,2015,52,187.98
1,2016,52,187.98
1,2017,52,187.98
1,2018,52,187.98
1,2019,52,187.98
1,2020,52,187.98
1,2021,52,187.98
1,2022,52,187.98
1,2023,52,187.98
1,2024,52,187.98
1,2025,52,187.98
1,2026,52,187.98
1,2027,52,187.98
1,2028,52,187.98
1,2029,52,187.98
1,2030,52,187.98
1,2031,52,187.98
1,2032,52,187.98
1,2033,52,187.98
1,2034,52,187.98
1,2035,52,187.953
1,2036,52,187.953
1,2037,52,187.953
1,2038,52,187.953
1,2039,52,187.953
1,2040,52,187.953
1,2041,52,187.953
1,2042,52,187.953
1,2043,52,187.953
1,2044,52,187.953
1,2045,52,187.953
1,2046,52,187.953
1,2047,52,187.953
1,2048,52,187.953
1,2049,52,187.953
1,2050,52,187.953
1,2051,52,187.953
1,2052,52,187.953
1,2053,52,187.953
1,2054,52,187.953
1,2055,52,187.953
1,2056,52,187.953
1,2057,52,187.953
1,2058,52,187.953
1,2059,52,187.953
1,2060,52,187.953
1,2061,52,187.953
1,2062,52,187.953
1,2063,52,187.953
1,2064,52,187.953
1,2065,52,187.953
1,2066,52,187.953
1,2067,52,187.88
1,2068,52,187.88
1,2069,52,187.88
1,2070,52,187.88
1,2071,52,187.88
1,2072,52,187.88
1,2073,52,187.88
1,2074,52,187.88
1,2075,52,187.88
1,2076,52,187.88
1,2077,52,187.88
1,2078,52,187.88
1,2079,52,187.88
1,2080,52,187.88
1,2081,52,187.88
1,2082,52,187.88
1,2083,52,187.88
1,2084,52,187.88
1,2085,52,187.88
1,2086,52,187.88
1,2087,52,187.88
1,2088,52,187.88
1,2089,52,187.88
1,2090,52,187.88
1,2091,52,187.88
1,2092,52,187.88
1,2093,52,187.88
1,2094,52,187.88
1,2095,52,187.88
1,2096,52,187.88
1,2097,52,187.88
1,2098,52,187.88
1,2099,52,187.88
1,2100,52,187.88
1,2101,52,187.88
1,2102,52,187.88
1,2103,52,187.88
1,2104,52,187.88
1,2105,52,187.88
1,2106,52,187.88
1,2107,52,187.88
1,2108,52,187.88
1,2109,52,187.88
1,2110,52,187.88
1,2111,52,187.88
1,2112,52,187.88
1,2113,52,187.88
1,2114,52,187.88
1,2115,52,187.88
1,2116,52,187.88
1,2117,52,187.88
1,2118,52,187.88
1,2119,52,187.88
1,2120,52,187.88
1,2121,52,187.88
1,2122,52,187.88
1,2123,52,187.88
1,2124,52,187.88
1,2125,52,187.88
1,2126,52,187.88
1,2127,52,187.88
1,2128,52,187.88
1,2129,52,187.88
1,2130,52,187.88
1,2131,52,187.88
1,2132,52,187.88
1,2133,52,187.88
1,2134,52,187.88
1,2135,52,187.88
1,2136,52,187.88
1,2137,52,187.88
1,2138,52,187.88
1,2139,52,187.88
1,2140,52,187.88
1,2141,52,187.88
1,2142,52,187.88
1,2143,52,187.88
1,2144,52,187.88
1,2145,52,187.88
1,2146,52,187.88
1,2147,52,187.88
1,2148,52,187.88
1,2149,52,187.88
1,2150,52,187.88
1,2151,52,187.88
1,2152,52,187.88
1,2153,52,187.88
1,2154,52,187.88
1,2155,52,187.88
1,2156,52,187.88
1,2157,52,187.88
1,2158,52,187.88
1,2159,52,187.88
1,2160,52,187.88
1,2161,52,187.88
1,2162,52,187.88
1,2163,52,187.88
1,2164,52,187.88
1,2165,52,187.88
1,2166,52,187.88
1,2167,52,187.88
1,2168,52,187.88
1,2169,52,187.88
1,2170,52,187.88
1,2171,52,187.88
1,2172,52,187.88
1,2173,52,187.88
1,2174,52,187.88
1,2175,52,187.88
1,2176,52,187.88
1,2177,52,187.88
1,2178,52,187.88
1,2179,52,187.88
1,2180,52,187.88
1,2181,52,187.88
1,2182,52,187.88
1,2183,52,187.88
1,2184,52,187.88
1,2185,52,187.88
1,2186,52,187.88
1,2187,52,187.88
1,2188,52,187.88
1,2189,52,187.88
1,2190,52,187.88
1,2191,52,187.88
1,2192,52,187.88
1,2193,52,187.88
1,2194,52,187.88
1,2195,52,187.88
1,2196,52,187.88
1,2197,52,187.88
1,2198,52,187.88
1,2199,52,187.88
1,2200,52,187.88
1,2201,52,187.88
1,2202,52,187.88
1,2203,52,187.88
1,2204,52,187.88
1,2205,52,187.88
1,2206,52,187.88
1,2207,52,187.88
1,2208,52,187.88
1,2209,52,187.88
1,2210,52,187.88
1,2211,52,187.88
1,2212,52,187.88
1,2213,52,187.88
1,2214,52,187.88
1,2215,52,187.88
1,2216,52,187.88
1,2217,52,187.88
1,2218,52,187.88
1,2219,52,187.88
1,2220,52,187.88
1,2221,52,187.88
1,2222,52,187.88
1,2223,52,187.88
1,2224,52,187.88
1,2225,52,187.88
1,2226,52,187.88
1,2227,52,187.88
1,2228,52,187.88
1,2229,52,187.88
1,2230,52,187.88
1,2231,52,187.88
1,2232,52,187.88
1,2233,52,187.88
1,2234,52,187.88
1,2235,52,187.88
1,2236,52,187.88
1,2237,52,187.88
1,2238,52,187.88
1,2239,52,187.88
1,2240,52,187.88
1,2241,52,187.88
1,2242,52,187.88
1,2243,52,187.88
1,2244,52,187.88
1,2245,52,187.88
1,2246,52,187.88
1,2247,52,187.88
1,2248,52,187.88
1,2249,52,187.88
1,2250,52,187.88
1,2251,52,187.88
1,2252,52,187.88
1,2253,52,187.88
1,2254,52,187.88
1,2255,52,187.88
1,2256,52,187.88
1,2257,52,187.88
1,2258,52,187.88
1,2259,52,187.88
1,2260,52,187.88
1,2261,52,187.88
1,2262,52,187.88
1,2263,52,187.88
1,2264,52,187.88
1,2265,52,187.88
1,2266,52,187.88
1,2267,52,187.88
1,2268,52,187.88
1,2269,52,187.88
1,2270,52,187.88
1,2271,52,187.88
1,2272,52,187.88
1,2273,52,187.88
1,2274,52,187.88
1,2275,52,187.88
1,2276,52,187.88
1,2277,52,187.88
1,2278,52,187.88
1,2279,52,187.88
1,2280,52,187.88
1,2281,52,187.88
1,2282,52,187.88
1,2283,52,187.88
1,2284,52,187.88
1,2285,52,187.88
1,2286,52,187.88
1,2287,52,187.88
1,2288,52,187.88
1,2289,52,187.88
1,2290,52,187.88
1,2291,52,187.88
1,2292,52,187.88
1,2293,52,187.88
1,2294,52,187.88
1,2295,52,187.88
1,2296,52,187.88
1,2297,52,187.88
1,2298,52,187.88
1,2299,52,187.88
1,2300,52,187.88
1,2301,52,187.88
1,2302,52,187.88
1,2303,52,187.88
1,2304,52,187.88
1,2305,52,187.88
1,2306,52,187.88
1,2307,52,187.88
1,2308,52,187.88
1,2309,52,187.88
1,2310,52,187.88
1,2311,52,187.88
1,2312,52,187.88
1,2313,52,187.88
1,2314,52,187.88
1,2315,52,187.88
1,2316,52,187.88
1,2317,52,187.88
1,2318,52,187.88
1,2319,52,187.88
1,2320,52,187.88
1,2321,52,187.88
1,2322,52,187.88
1,2323,52,187.88
1,2324,52,187.88
1,2325,52,187.88
1,2326,52,187.88
1,2327,52,187.88
1,2328,52,187.88
1,2329,52,187.88
1,2330,52,187.88
1,2331,52,187.88
1,2332,52,187.88
1,2333,52,187.88
1,2334,52,187.88
1,2335,52,187.88
1,2336,52,187.88
1,2337,52,187.88
1,2338,52,187.88
1,2339,52,187.88
1,2340,52,187.88
1,2341,52,187.88
1,2342,52,187.88
1,2343,52,187.88
1,2344,52,187.88
1,2345,52,187.88
1,2346,52,187.88
1,2347,52,187.88
1,2348,52,187.88
1,2349,52,187.88
1,2350,52,187.88
1,2351,52,187.88
1,2352,52,187.88
1,2353,52,187.88
1,2354,52,187.88
1,2355,52,187.88
1,2356,52,187.88
1,2357,52,187.88
1,2358,52,187.88
1,2359,52,187.88
1,2360,52,187.88
1,2361,52,187.88
1,2362,52,187.88
1,2363,52,187.88
1,2364,52,187.88
1,2365,52,187.88
1,2366,52,187.88
1,2367,52,187.88
1,2368,52,187.88
1,2369,52,187.874
1,2370,52,187.874
1,2371,52,187.874
1,2372,52,187.874
1,2373,52,187.874
1,2374,52,187.874
1,2375,52,187.874
1,2376,52,187.874
1,2377,52,187.874
1,2378,52,187.874
1,2379,52,187.874
1,2380,52,187.689
1,2381,52,187.689
1,2382,52,187.689
1,2383,52,187.689
1,2384,52,187.689
1,2385,52,187.689
1,2386,52,187.689
1,2387,52,187.689
1,2388,52,187.689
1,2389,52,187.689
1,2390,52,187.689
1,2391,52,187.689
1,2392,52,187.689
1,2393,52,187.689
1,2394,52,187.689
1,2395,52,187.689
1,2396,52,187.689
1,2397,52,187.689
1,2398,52,187.689
1,2399,52,187.689
1,2400,52,187.689
1,2401,52,187.689
1,2402,52,187.689
1,2403,52,187.689
1,2404,52,187.689
1,2405,52,187.689
1,2406,52,187.689
1,2407,52,187.689
1,2408,52,187.689
1,2409,52,187.689
1,2410,52,187.689
1,2411,52,187.689
1,2412,52,187.689
1,2413,52,187.689
1,2414,52,187.689
1,2415,52,187.689
1,2416,52,187.689
1,2417,52,187.689
1,2418,52,187.689
1,2419,52,187.689
1,2420,52,187.689
1,2421,52,187.689
1,2422,52,187.689
1,2423,52,187.689
1,2424,52,187.689
1,2425,52,187.689
1,2426,52,187.689
1,2427,52,187.689
1,2428,52,187.689
1,2429,52,187.689
1,2430,52,187.689
1,2431,52,187.689
1,2432,52,187.689
1,2433,52,187.689
1,2434,52,187.689
1,2435,52,187.689
1,2436,52,187.689
1,2437,52,187.689
1,2438,52,187.689
1,2439,52,187.689
1,2440,52,187.689
1,2441,52,187.689
1,2442,52,187.689
1,2443,52,187.689
1,2444,52,187.689
1,2445,52,187.689
1,2446,52,187.689
1,2447,52,187.689
1,2448,52,187.689
1,2449,52,187.689
1,2450,52,187.689
1,2451,52,187.689
1,2452,52,187.689
1,2453,52,187.689
1,2454,52,187.689
1,2455,52,187.689
1,2456,52,187.689
1,2457,52,187.689
1,2458,52,187.689
1,2459,52,187.689
1,2460,52,187.689
1,2461,52,187.689
1,2462,52,187.689
1,2463,52,187.689
1,2464,52,187.689
1,2465,52,187.689
1,2466,52,187.689
1,2467,52,187.689
1,2468,52,187.689
1,2469,52,187.689
1,2470,52,187.689
1,2471,52,187.689
1,2472,52,187.689
1,2473,52,187.689
1,2474,52,187.689
1,2475,52,187.689
1,2476,52,187.689
1,2477,52,187.689
1,2478,52,187.689
1,2479,52,187.689
1,2480,52,187.689
1,2481,52,187.689
1,2482,52,187.687
1,2483,52,187.687
1,2484,52,187.687
1,2485,52,187.687
1,2486,52,187.687
1,2487,52,187.687
1,2488,52,187.687
1,2489,52,187.687
1,2490,52,187.687
1,2491,52,187.687
1,2492,52,187.687
1,2493,52,187.687
1,2494,52,187.687
1,2495,52,187.687
1,2496,52,187.687
1,2497,52,187.687
1,2498,52,187.687
1,2499,52,187.687
1,2500,52,187.687
1,2501,52,187.687
1,2502,52,187.687
1,2503,52,187.687
1,2504,52,187.687
1,2505,52,187.687
1,2506,52,187.687
1,2507,52,187.687
1,2508,52,187.687
1,2509,52,187.687
1,2510,52,187.687
1,2511,52,187.687
1,2512,52,187.687
1,2513,52,187.687
1,2514,52,187.687
1,2515,52,187.687
1,2516,52,187.687
1,2517,52,187.687
1,2518,52,187.687
1,2519,52,187.687
1,2520,52,187.687
1,2521,52,187.687
1,2522,52,187.687
1,2523,52,187.687
1,2524,52,187.687
1,2525,52,187.687
1,2526,52,187.467
1,2527,52,187.467
1,2528,52,187.467
1,2529,52,187.467
1,2530,52,187.467
1,2531,52,187.467
1,2532,52,187.467
1,2533,52,187.467
1,2534,52,187.467
1,2535,51,187.467
1,2536,51,187.467
1,2537,51,187.467
1,2538,51,187.467
1,2539,51,187.467
1,2540,51,187.467
1,2541,51,187.467
1,2542,51,187.467
1,2543,51,187.467
1,2544,51,187.467
1,2545,51,187.467
1,2546,51,187.467
1,2547,51,187.467
1,2548,51,187.467
1,2549,51,187.467
1,2550,51,187.467
1,2551,51,187.467
1,2552,51,187.467
1,2553,51,187.467
1,2554,51,187.467
1,2555,51,187.467
1,2556,51,187.467
1,2557,51,187.467
1,2558,51,187.467
1,2559,51,187.467
1,2560,51,187.467
1,2561,51,187.467
1,2562,51,187.467
1,2563,51,187.467
1,2564,51,187.467
1,2565,51,187.467
1,2566,51,187.467
1,2567,51,187.467
1,2568,51,187.467
1,2569,51,187.467
1,2570,51,187.467
1,2571,51,187.467
1,2572,51,187.467
1,2573,51,187.467
1,2574,51,187.467
1,2575,51,187.467
1,2576,51,187.467
1,2577,51,187.467
1,2578,51,187.467
1,2579,51,187.467
1,2580,51,187.467
1,2581,51,187.467
1,2582,51,187.467
1,2583,51,187.422
1,2584,51,187.422
1,2585,51,187.422
1,2586,51,187.422
1,2587,51,187.422
1,2588,51,187.422
1,2589,51,187.422
1,2590,51,187.422
1,2591,51,187.422
1,2592,51,187.422
1,2593,51,187.422
1,2594,51,187.422
1,2595,51,187.422
1,2596,51,187.422
1,2597,51,187.422
1,2598,51,187.422
1,2599,51,187.422
1,2600,51,187.422
1,2601,51,187.422
1,2602,51,187.422
1,2603,51,187.422
1,2604,51,187.422
1,2605,51,187.422
1,2606,51,187.422
1,2607,51,187.422
1,2608,51,187.422
1,2609,51,187.422
1,2610,51,187.422
1,2611,51,187.422
1,2612,51,187.422
1,2613,51,187.422
1,2614,51,187.422
1,2615,51,187.422
1,2616,51,187.422
1,2617,51,187.422
1,2618,51,187.422
1,2619,51,187.422
1,2620,51,187.422
1,2621,51,187.422
1,2622,51,187.422
1,2623,51,187.422
1,2624,51,187.422
1,2625,51,187.422
1,2626,51,187.422
1,2627,51,187.422
1,2628,51,187.422
1,2629,51,187.422
1,2630,51,187.422
1,2631,51,187.422
1,2632,51,187.422
1,2633,51,187.422
1,2634,51,187.422
1,2635,51,187.422
1,2636,51,187.422
1,2637,51,187.422
1,2638,51,187.422
1,2639,51,187.422
1,2640,51,187.422
1,2641,51,187.422
1,2642,51,187.422
1,2643,51,187.422
1,2644,51,187.422
1,2645,51,187.422
1,2646,51,187.422
1,2647,51,187.422
1,2648,51,187.422
1,2649,51,187.422
1,2650,51,187.422
1,2651,51,187.422
1,2652,51,187.422
1,2653,51,187.422
1,2654,51,187.422
1,2655,51,187.422
1,2656,51,187.422
1,2657,51,187.422
1,2658,51,187.422
1,2659,51,187.422
1,2660,51,187.422
1,2661,51,187.422
1,2662,51,187.406
1,2663,51,187.406
1,2664,51,187.406
1,2665,51,187.406
1,2666,51,187.406
1,2667,51,187.406
1,2668,51,187.406
1,2669,51,187.406
1,2670,51,187.406
1,2671,51,187.406
1,2672,51,187.406
1,2673,51,187.406
1,2674,51,187.406
1,2675,51,187.406
1,2676,51,187.406
1,2677,51,187.406
1,2678,51,187.406
1,2679,51,187.406
1,2680,51,187.406
1,2681,51,187.406
1,2682,51,187.406
1,2683,51,187.406
1,2684,51,187.406
1,2685,51,187.406
1,2686,51,187.406
1,2687,51,187.406
1,2688,51,187.406
1,2689,51,187.406
1,2690,51,187.406
1,2691,51,187.406
1,2692,51,187.406
1,2693,51,187.406
1,2694,51,187.406
1,2695,51,187.406
1,2696,51,187.406
1,2697,51,187.406
1,2698,51,187.406
1,2699,51,187.406
1,2700,51,187.406
1,2701,51,187.406
1,2702,51,187.406
1,2703,51,187.406
1,2704,51,187.406
1,2705,51,187.406
1,2706,51,187.406
1,2707,51,187.406
1,2708,51,187.406
1,2709,51,187.406
1,2710,51,187.406
1,2711,51,187.406
1,2712,51,187.406
1,2713,51,187.406
1,2714,51,187.406
1,2715,51,187.406
1,2716,51,187.406
1,2717,51,187.406
1,2718,51,187.406
