test, rrt iteration, number of waypoints, distance to goal, time
1,52,0,390.294,93
1,53,4,390.294,95
1,54,4,370.843,97
1,55,4,370.843,100
1,56,4,370.843,102
1,57,4,370.843,104
1,58,4,370.843,106
1,59,4,369.85,108
1,60,5,369.85,111
1,61,5,369.85,113
1,62,4,369.85,115
1,63,4,367.135,117
1,64,4,367.135,120
1,65,4,367.135,122
1,66,4,367.135,125
1,67,4,364.89,128
1,68,4,364.89,130
1,69,4,356.857,133
1,70,4,356.857,136
1,71,4,356.857,138
1,72,4,356.857,141
1,73,4,356.857,143
1,74,4,356.857,146
1,75,4,356.857,149
1,76,4,356.716,152
1,77,4,356.716,155
1,78,4,356.716,158
1,79,4,354.126,161
1,80,4,354.126,164
1,81,4,354.126,167
1,82,4,354.126,170
1,83,4,354.126,173
1,84,4,354.126,176
1,85,4,354.126,179
1,86,4,354.126,182
1,87,4,354.126,186
1,88,4,354.126,189
1,89,4,354.126,192
1,90,4,354.126,196
1,91,4,354.126,199
1,92,4,354.126,202
1,93,4,352.546,206
1,94,4,352.546,209
1,95,4,352.546,213
1,96,4,352.546,216
1,97,4,352.546,220
1,98,4,352.546,223
1,99,4,351.78,227
1,100,4,351.78,231
1,101,4,351.78,235
1,102,4,351.78,238
1,103,4,351.78,242
1,104,4,351.23,246
1,105,4,351.23,250
1,106,4,351.23,254
1,107,4,351.23,258
1,108,4,351.23,262
1,109,4,350.617,266
1,110,5,350.617,270
1,111,5,350.617,274
1,112,5,350.617,278
1,113,5,350.617,282
1,114,5,350.617,286
1,115,5,350.617,290
1,116,5,350.617,294
1,117,5,350.617,299
1,118,5,350.617,303
1,119,5,350.617,306
1,120,5,350.617,310
1,121,5,350.617,315
1,122,5,350.617,319
1,123,5,350.617,324
1,124,5,350.617,329
1,125,5,350.617,333
1,126,5,350.617,337
1,127,5,350.617,342
1,128,5,350.617,347
1,129,5,350.23,351
1,130,5,350.23,356
1,131,5,350.23,360
1,132,5,350.23,365
1,133,5,350.23,370
1,134,5,350.23,375
1,135,5,350.23,381
1,136,5,350.23,386
1,137,5,350.23,390
1,138,5,350.23,395
1,139,5,350.23,400
1,140,5,350.23,405
1,141,5,350.23,410
1,142,5,350.23,418
1,143,5,350.23,423
1,144,5,350.23,429
1,145,5,350.23,434
1,146,5,349.141,440
1,147,5,349.141,445
1,148,5,349.141,450
1,149,5,349.141,455
1,150,5,349.141,460
1,151,5,349.141,466
1,152,5,349.141,472
1,153,5,349.141,481
1,154,5,349.141,486
1,155,5,349.141,492
1,156,5,349.141,498
1,157,5,349.141,504
1,158,5,349.141,510
1,159,5,349.141,515
1,160,5,349.141,520
1,161,5,349.141,527
1,162,5,349.141,533
1,163,5,349.034,539
1,164,5,349.034,549
1,165,5,349.034,555
1,166,5,349,562
1,167,5,349,568
1,168,5,349,574
1,169,5,349,580
1,170,5,349,585
1,171,5,349,591
1,172,5,349,597
1,173,5,349,604
1,174,5,349,610
1,175,5,349,617
1,176,5,349,622
1,177,5,349,628
1,178,5,349,635
1,179,5,349,641
1,180,5,349,648
1,181,5,349,656
1,182,5,349,661
1,183,5,349,667
1,184,5,344.323,675
1,185,5,344.323,682
1,186,5,344.323,690
1,187,5,344.323,696
1,188,5,344.323,702
1,189,5,344.044,709
1,190,6,343.865,716
1,191,6,342.468,724
1,192,5,342.468,736
1,193,5,342.468,743
1,194,5,342.468,750
1,195,5,342.468,757
1,196,5,342.468,765
1,197,5,342.468,772
1,198,5,342.468,779
1,199,5,342.468,792
1,200,5,342.468,799
1,201,5,342.468,807
1,202,5,342.468,820
1,203,5,342.468,828
1,204,5,342.468,835
1,205,5,342.468,843
1,206,5,342.468,851
1,207,5,342.468,859
1,208,5,342.468,866
1,209,5,342.468,874
1,210,5,342.468,882
1,211,5,342.468,890
1,212,5,342.468,898
1,213,5,342.468,905
1,214,5,342.468,913
1,215,5,342.468,920
1,216,5,342.468,928
1,217,5,342.468,936
1,218,5,342.468,945
1,219,5,342.468,953
1,220,5,342.468,960
1,221,5,342.468,968
1,222,5,342.468,976
1,223,5,342.468,985
1,224,5,342.468,994
1,225,5,342.468,1002
1,226,5,342.468,1022
1,227,5,342.468,1031
1,228,5,342.468,1040
1,229,5,342.468,1047
1,230,5,342.468,1061
1,231,5,342.468,1069
1,232,5,342.468,1078
1,233,5,342.468,1087
1,234,5,342.468,1101
1,235,5,342.468,1116
1,236,5,342.468,1125
1,237,5,342.305,1134
1,238,6,342.305,1142
1,239,6,341.787,1151
1,240,6,341.787,1161
1,241,6,341.787,1169
1,242,6,341.787,1177
1,243,6,341.787,1187
1,244,6,341.787,1197
1,245,6,341.787,1206
1,246,6,341.787,1222
1,247,6,341.787,1229
1,248,6,341.787,1238
1,249,6,341.787,1248
1,250,6,341.787,1257
1,251,6,341.787,1267
1,252,6,341.787,1277
1,253,6,341.787,1286
1,254,6,341.787,1293
1,255,6,341.787,1302
1,256,6,341.787,1312
1,257,6,341.787,1322
1,258,6,341.061,1332
1,259,6,341.061,1340
1,260,6,341.061,1350
1,261,6,341.061,1358
1,262,6,341.061,1367
1,263,6,341.061,1377
1,264,6,341.061,1387
1,265,6,341.061,1397
1,266,6,341.061,1407
1,267,6,341.061,1422
1,268,6,341.061,1431
1,269,6,341.061,1442
1,270,6,341.061,1452
1,271,6,341.061,1461
1,272,6,341.061,1471
1,273,6,341.061,1482
1,274,6,341.061,1490
1,275,6,341.061,1500
1,276,6,341.061,1510
1,277,6,341.061,1520
1,278,6,341.061,1531
1,279,6,341.061,1540
1,280,6,341.061,1550
1,281,6,341.061,1559
1,282,6,341.061,1569
1,283,6,341.061,1580
1,284,6,341.061,1591
1,285,6,341.061,1601
1,286,6,341.061,1612
1,287,6,341.061,1622
1,288,6,341.061,1631
1,289,6,341.061,1641
1,290,6,341.061,1653
1,291,6,341.061,1664
1,292,6,341.061,1675
1,293,6,341.061,1685
1,294,6,341.061,1696
1,295,6,341.061,1705
1,296,6,341.061,1715
1,297,6,341.061,1726
1,298,6,341.061,1737
1,299,6,341.061,1749
1,300,6,341.061,1759
1,301,6,341.061,1769
1,302,6,341.061,1778
1,303,6,341.061,1789
1,304,6,341.061,1801
1,305,6,341.061,1813
1,306,6,341.061,1825
1,307,6,341.061,1836
1,308,6,341.061,1847
1,309,6,341.061,1857
1,310,6,341.061,1868
1,311,6,341.061,1879
1,312,6,341.061,1891
1,313,6,341.061,1903
1,314,6,341.061,1914
1,315,6,341.061,1926
1,316,6,341.061,1936
1,317,6,341.061,1947
1,318,6,341.061,1958
1,319,6,341.061,1970
1,320,6,341.061,1983
1,321,6,341.061,1994
1,322,6,341.061,2013
1,323,6,341.061,2024
1,324,6,341.061,2036
1,325,6,341.061,2048
1,326,6,341.061,2060
1,327,6,341.061,2080
1,328,6,341.061,2090
1,329,6,341.061,2101
1,330,6,341.061,2114
1,331,6,341.061,2126
1,332,6,341.061,2138
1,333,6,341.061,2149
1,334,6,341.061,2168
1,335,6,341.061,2180
1,336,6,341.061,2192
1,337,6,341.061,2205
1,338,6,341.061,2218
1,339,6,341.061,2229
1,340,6,341.061,2242
1,341,6,341.061,2252
1,342,6,341.061,2264
1,343,6,341.061,2277
1,344,6,341.061,2290
1,345,6,341.061,2303
1,346,6,341.061,2316
1,347,6,341.061,2328
1,348,6,341.061,2338
1,349,6,341.061,2351
1,350,6,341.061,2363
1,351,6,341.061,2377
1,352,6,341.061,2390
1,353,6,341.061,2401
1,354,6,341.061,2414
1,355,6,341.061,2425
1,356,6,341.061,2437
1,357,6,341.061,2451
1,358,6,341.061,2465
1,359,6,341.061,2479
1,360,6,341.061,2493
1,361,6,341.061,2513
1,362,6,341.061,2526
1,363,6,340.713,2541
1,364,6,340.713,2555
1,365,6,340.713,2569
1,366,6,340.713,2582
1,367,6,340.713,2595
1,368,6,340.713,2606
1,369,6,340.713,2619
1,370,6,340.713,2632
1,371,6,340.713,2646
1,372,6,340.713,2660
1,373,6,340.713,2674
1,374,6,340.713,2695
1,375,6,340.713,2708
1,376,6,340.713,2723
1,377,6,340.713,2737
1,378,6,340.713,2752
1,379,6,340.713,2775
1,380,6,340.713,2787
1,381,6,340.713,2800
1,382,6,340.713,2815
1,383,6,340.713,2830
1,384,6,340.713,2845
1,385,6,340.713,2859
1,386,6,340.713,2881
1,387,6,340.713,2894
1,388,6,340.713,2909
1,389,6,340.713,2924
1,390,6,340.713,2939
1,391,6,340.713,2953
1,392,6,340.713,2967
1,393,6,340.713,2979
1,394,6,340.713,2992
1,395,6,340.713,3008
1,396,6,340.713,3022
1,397,6,340.713,3037
1,398,6,340.713,3052
1,399,6,340.713,3066
1,400,6,340.713,3079
1,401,6,340.713,3093
1,402,6,340.713,3107
1,403,6,340.713,3122
1,404,6,340.713,3138
1,405,6,340.713,3151
1,406,6,340.713,3164
1,407,6,340.713,3176
1,408,6,340.713,3190
1,409,6,340.448,3207
1,410,6,340.448,3222
1,411,6,340.448,3238
1,412,6,340.448,3254
1,413,6,340.448,3268
1,414,6,340.448,3281
1,415,6,340.448,3295
1,416,6,340.448,3310
1,417,6,340.448,3325
1,418,6,340.448,3342
1,419,6,340.448,3358
1,420,6,340.448,3381
1,421,6,340.448,3396
1,422,6,340.448,3412
1,423,6,340.448,3427
1,424,6,340.448,3442
1,425,6,340.448,3457
1,426,6,340.448,3473
1,427,6,340.448,3486
1,428,6,340.448,3501
1,429,6,340.448,3518
1,430,6,340.448,3535
1,431,6,340.448,3552
1,432,6,340.448,3566
1,433,6,340.448,3590
1,434,6,340.448,3605
1,435,6,340.289,3625
1,436,5,340.289,3641
1,437,5,340.289,3668
1,438,5,340.289,3684
1,439,5,340.289,3699
1,440,5,340.289,3715
1,441,5,340.289,3731
1,442,5,340.289,3757
1,443,5,340.289,3785
1,444,5,340.289,3802
1,445,5,340.289,3818
1,446,5,340.289,3845
1,447,5,340.289,3860
1,448,5,340.289,3876
1,449,5,340.289,3894
1,450,5,340.289,3911
1,451,5,340.289,3928
1,452,5,340.289,3944
1,453,5,340.289,3960
1,454,5,340.289,3976
1,455,5,340.289,3994
1,456,5,340.289,4010
1,457,5,340.289,4026
1,458,5,340.289,4041
1,459,5,340.289,4058
1,460,5,340.289,4074
1,461,5,340.289,4091
1,462,5,340.289,4109
1,463,5,340.289,4126
1,464,5,340.289,4153
1,465,5,340.252,4169
1,466,7,340.252,4186
1,467,7,340.252,4204
1,468,7,340.252,4223
1,469,7,340.252,4242
1,470,7,340.252,4282
1,471,7,340.252,4298
1,472,7,340.252,4315
1,473,7,340.252,4334
1,474,7,340.252,4352
1,475,7,340.252,4370
1,476,7,340.252,4386
1,477,7,340.252,4402
1,478,7,340.252,4418
1,479,7,340.064,4435
1,480,7,340.064,4452
1,481,7,340.064,4469
1,482,7,340.064,4488
1,483,7,340.064,4507
1,484,7,340.064,4536
1,485,7,340.064,4552
1,486,7,340.064,4569
1,487,7,340.064,4587
1,488,7,340.064,4606
1,489,7,340.064,4625
1,490,7,340.064,4644
1,491,7,340.064,4662
1,492,7,340.064,4679
1,493,7,340.064,4695
1,494,7,340.064,4713
1,495,7,340.064,4730
1,496,7,340.064,4748
1,497,7,340.064,4768
1,498,7,340.064,4786
1,499,7,340.064,4815
1,500,7,340.064,4832
1,501,7,340.064,4849
1,502,7,340.064,4867
1,503,7,340.064,4887
1,504,7,340.064,4907
1,505,7,340.064,4925
1,506,7,340.064,4941
1,507,7,340.064,4959
1,508,7,340.064,4977
1,509,7,340.064,4995
1,510,7,340.064,5014
1,511,7,340.055,5033
1,512,7,340.055,5053
1,513,7,340.055,5073
1,514,7,340.055,5092
1,515,7,340.055,5123
1,516,7,340.055,5141
1,517,7,340.055,5161
1,518,7,340.055,5180
1,519,7,340.055,5200
1,520,7,340.055,5218
1,521,7,340.055,5249
1,522,7,340.055,5267
1,523,7,340.055,5285
1,524,7,340.055,5305
1,525,7,340.055,5325
1,526,7,340.055,5346
1,527,7,340.055,5366
1,528,7,340.055,5386
1,529,7,340.055,5405
1,530,7,340.055,5422
1,531,7,340.055,5442
1,532,7,340.055,5461
1,533,7,340.055,5482
1,534,7,340.055,5503
1,535,7,340.055,5523
1,536,7,340.055,5555
1,537,7,340.055,5573
1,538,7,340.055,5591
1,539,7,340.055,5611
1,540,7,340.055,5633
1,541,7,340.055,5654
1,542,7,340.055,5675
1,543,7,340.055,5695
1,544,7,340.055,5714
1,545,7,340.055,5732
1,546,7,340.055,5752
1,547,7,340.055,5774
1,548,7,340.055,5794
1,549,7,340.055,5815
1,550,7,340.055,5834
1,551,7,340.055,5854
1,552,7,340.055,5872
1,553,7,340.055,5891
1,554,7,340.055,5911
1,555,7,340.055,5931
1,556,7,340.055,5952
1,557,7,340.055,5973
1,558,7,340.055,5993
1,559,7,340.055,6010
1,560,7,340.055,6030
1,561,7,340.055,6049
1,562,7,340.055,6069
1,563,7,340.055,6091
1,564,7,340.055,6113
1,565,7,340.055,6135
1,566,7,340.055,6157
1,567,7,340.055,6178
1,568,7,340.055,6198
1,569,7,340.055,6217
1,570,7,340.055,6238
1,571,7,340.055,6259
1,572,7,340.038,6283
1,573,6,340.038,6304
1,574,6,340.038,6324
1,575,6,340.038,6345
1,576,6,340.038,6365
1,577,6,340.038,6385
1,578,6,340.038,6407
1,579,6,340.038,6430
1,580,6,340.038,6452
1,581,6,340.038,6488
1,582,6,340.038,6525
1,583,6,340.038,6546
1,584,6,340.038,6569
1,585,6,340.038,6591
1,586,6,340.038,6643
1,587,6,340.038,6664
1,588,6,340.038,6686
1,589,6,340.038,6709
1,590,6,340.038,6732
1,591,6,340.038,6753
1,592,6,340.038,6775
1,593,6,340.038,6812
1,594,6,340.038,6834
1,595,6,340.038,6857
1,596,6,340.038,6879
1,597,6,340.038,6931
1,598,6,340.038,6953
1,599,6,340.038,6975
1,600,6,340.038,6998
1,601,6,340.038,7019
1,602,6,340.038,7038
1,603,6,340.038,7058
1,604,6,340.038,7079
1,605,6,340.038,7100
1,606,6,340.038,7123
1,607,6,340.038,7145
1,608,6,340.038,7166
1,609,6,340.038,7187
1,610,6,340.038,7239
1,611,6,340.038,7261
1,612,6,340.038,7284
1,613,6,340.038,7306
1,614,6,340.038,7375
1,615,6,340.038,7399
1,616,6,340.038,7423
1,617,6,340.038,7446
1,618,6,340.038,7465
1,619,6,340.038,7486
1,620,6,340.038,7507
1,621,6,340.038,7528
1,622,6,340.038,7552
1,623,6,340.038,7574
1,624,6,340.038,7597
1,625,6,340.038,7619
1,626,6,340.038,7640
1,627,6,340.037,7660
1,628,6,340.037,7681
1,629,6,340.037,7704
1,630,6,340.037,7728
1,631,6,340.037,7750
1,632,6,340.037,7789
1,633,6,340.037,7811
1,634,6,340.037,7832
1,635,6,340.037,7855
1,636,6,340.037,7879
1,637,6,340.037,7904
1,638,6,340.037,7926
1,639,6,340.037,7945
1,640,6,340.037,7984
1,641,6,340.037,8007
1,642,6,340.037,8032
1,643,6,340.037,8054
1,644,6,340.037,8077
1,645,6,340.037,8099
1,646,6,340.037,8118
1,647,6,340.037,8141
1,648,6,340.037,8165
1,649,6,340.037,8188
1,650,6,340.037,8211
1,651,6,340.037,8234
1,652,6,340.037,8254
1,653,6,340.037,8294
1,654,6,340.037,8317
1,655,6,340.037,8342
1,656,6,340.037,8364
1,657,6,340.037,8387
1,658,6,340.037,8409
1,659,6,340.037,8449
1,660,6,340.037,8473
1,661,6,340.037,8498
1,662,6,340.037,8520
1,663,6,340.037,8576
1,664,6,340.037,8599
1,665,6,340.037,8625
1,666,6,340.037,8649
1,667,6,340.037,8673
1,668,6,340.037,8729
1,669,6,340.037,8752
1,670,6,340.037,8776
1,671,6,340.037,8800
1,672,6,340.037,8825
1,673,6,340.037,8881
1,674,6,340.037,8904
1,675,6,340.037,8930
1,676,6,339.852,8958
1,677,5,339.852,8982
1,678,5,339.852,9005
1,679,5,339.852,9029
1,680,5,339.852,9052
1,681,5,339.852,9077
1,682,5,339.852,9103
1,683,5,339.852,9124
1,684,5,339.852,9148
1,685,5,339.852,9170
1,686,5,339.852,9194
1,687,5,339.852,9220
1,688,5,339.852,9246
1,689,5,339.852,9289
1,690,5,339.852,9313
1,691,5,339.852,9337
1,692,5,339.852,9361
1,693,5,339.852,9387
1,694,5,339.852,9412
1,695,5,339.852,9452
1,696,5,339.852,9476
1,697,5,339.852,9500
1,698,5,339.852,9527
1,699,5,339.852,9552
1,700,5,339.852,9593
1,701,5,339.852,9618
1,702,5,339.852,9645
1,703,5,339.852,9669
1,704,5,339.852,9692
1,705,5,339.852,9716
1,706,5,339.852,9739
1,707,5,339.852,9764
1,708,5,339.852,9791
1,709,5,339.852,9818
1,710,5,339.852,9843
1,711,5,339.852,9866
1,712,5,339.852,9909
1,713,5,339.852,9936
1,714,5,339.852,9963
1,715,5,339.852,9988
1,716,5,339.852,10013
1,717,5,339.852,10037
1,718,5,339.852,10062
1,719,5,339.852,10088
1,720,5,339.852,10117
1,721,5,339.852,10142
1,722,5,339.852,10167
1,723,5,339.852,10212
1,724,5,339.852,10239
1,725,5,339.852,10264
1,726,5,339.852,10289
1,727,5,339.852,10314
1,728,5,339.852,10339
1,729,5,339.852,10364
1,730,5,339.852,10391
1,731,5,339.852,10418
1,732,5,339.852,10444
1,733,5,339.852,10508
1,734,5,339.852,10536
1,735,5,339.852,10566
1,736,5,339.852,10592
1,737,5,339.852,10617
1,738,5,339.852,10643
1,739,5,339.792,10669
1,740,5,339.792,10696
1,741,5,339.792,10722
1,742,5,339.792,10768
1,743,5,339.792,10794
1,744,5,339.792,10819
1,745,5,339.792,10848
1,746,5,339.792,10874
1,747,5,339.792,10920
1,748,5,339.792,10965
1,749,5,339.792,10994
1,750,5,339.792,11022
1,751,5,339.792,11067
1,752,5,339.792,11093
1,753,5,339.792,11120
1,754,5,339.792,11147
1,755,5,339.792,11174
1,756,5,339.792,11200
1,757,5,339.792,11226
1,758,5,339.792,11253
1,759,5,339.792,11280
1,760,5,339.792,11310
1,761,5,339.792,11339
1,762,5,339.792,11366
1,763,5,339.672,11410
1,764,5,339.672,11437
1,765,5,339.672,11465
1,766,5,339.672,11491
1,767,5,339.672,11554
1,768,5,339.672,11582
1,769,5,339.672,11611
1,770,5,339.672,11637
1,771,5,339.672,11664
1,772,5,339.672,11691
1,773,5,339.672,11737
1,774,5,339.672,11767
1,775,5,339.672,11797
1,776,5,339.672,11825
1,777,5,339.672,11852
1,778,5,339.672,11876
1,779,5,339.672,11903
1,780,5,339.672,11932
1,781,5,339.672,11961
1,782,5,339.672,11986
1,783,5,339.672,12053
1,784,5,339.672,12081
1,785,5,339.672,12112
1,786,5,339.672,12138
1,787,5,339.672,12183
1,788,5,339.672,12210
1,789,5,339.546,12241
1,790,7,339.546,12269
1,791,7,339.546,12300
1,792,7,339.546,12330
1,793,7,339.546,12358
1,794,7,339.546,12385
1,795,7,339.546,12411
1,796,7,339.546,12439
1,797,7,339.546,12469
1,798,7,339.546,12498
1,799,7,339.546,12529
1,800,7,339.546,12556
1,801,7,339.546,12584
1,802,7,339.546,12612
1,803,7,339.546,12638
1,804,7,339.546,12666
1,805,7,339.546,12695
1,806,7,339.546,12723
1,807,7,339.546,12754
1,808,7,339.546,12781
1,809,7,339.546,12808
1,810,7,339.546,12836
1,811,7,339.546,12861
1,812,7,339.546,12889
1,813,7,339.546,12918
1,814,7,339.546,12947
1,815,7,339.546,12979
1,816,7,339.546,13008
1,817,7,339.546,13037
1,818,7,339.546,13085
1,819,7,339.546,13113
1,820,7,339.546,13145
1,821,7,339.546,13174
1,822,7,339.546,13205
1,823,7,339.546,13233
1,824,7,339.546,13262
1,825,7,339.546,13309
1,826,7,339.546,13338
1,827,7,339.546,13370
1,828,7,339.546,13400
1,829,7,339.546,13432
1,830,7,339.546,13464
1,831,7,339.546,13494
1,832,7,339.546,13521
1,833,7,339.546,13549
1,834,7,339.546,13578
1,835,7,339.546,13610
1,836,7,339.546,13642
1,837,7,339.546,13675
1,838,7,339.546,13705
1,839,7,339.546,13734
1,840,7,339.546,13763
1,841,7,339.546,13790
1,842,7,339.546,13819
1,843,7,339.546,13851
1,844,7,339.546,13883
1,845,7,339.546,13915
1,846,7,339.546,13947
1,847,7,339.546,13978
1,848,7,339.546,14006
1,849,7,339.546,14033
1,850,7,339.546,14062
1,851,7,339.546,14093
1,852,7,339.546,14123
1,853,7,339.546,14155
1,854,7,339.546,14188
1,855,7,339.546,14240
1,856,7,339.546,14268
1,857,7,339.546,14298
1,858,7,339.546,14330
1,859,7,339.546,14360
1,860,7,339.546,14391
1,861,7,339.546,14424
1,862,7,339.546,14451
1,863,7,339.546,14480
1,864,7,339.546,14509
1,865,7,339.494,14539
1,866,7,339.494,14570
1,867,7,339.494,14604
1,868,7,339.494,14635
1,869,7,339.494,14665
1,870,7,339.494,14695
1,871,7,339.494,14726
1,872,7,339.494,14754
1,873,7,339.494,14786
1,874,7,339.494,14817
1,875,7,339.494,14849
1,876,7,339.494,14882
1,877,7,339.494,14915
1,878,7,339.494,14946
1,879,7,339.494,14997
1,880,7,339.494,15027
1,881,7,339.494,15059
1,882,7,339.494,15091
1,883,7,339.494,15125
1,884,7,339.494,15154
1,885,7,339.494,15185
1,886,7,339.494,15236
1,887,7,339.494,15267
1,888,7,339.494,15298
1,889,7,339.494,15330
1,890,7,339.494,15361
1,891,7,339.494,15395
1,892,7,339.494,15450
1,893,7,339.494,15478
1,894,7,339.494,15511
1,895,7,339.494,15543
1,896,7,339.494,15578
1,897,7,339.494,15612
1,898,7,339.494,15644
1,899,7,339.494,15675
1,900,7,339.494,15706
1,901,7,339.494,15736
1,902,7,339.494,15768
1,903,7,339.494,15799
1,904,7,339.494,15835
1,905,7,339.494,15867
1,906,7,339.494,15902
1,907,7,339.494,15934
1,908,7,339.494,15987
1,909,7,339.494,16018
1,910,7,339.494,16051
1,911,7,339.494,16086
1,912,7,339.494,16119
1,913,7,339.494,16153
1,914,7,339.494,16184
1,915,7,339.494,16217
1,916,7,339.494,16246
1,917,7,339.494,16278
1,918,7,339.494,16312
1,919,7,339.494,16347
1,920,7,339.494,16380
1,921,7,339.494,16416
1,922,7,339.494,16448
1,923,7,339.494,16478
1,924,7,339.494,16508
1,925,7,339.494,16541
1,926,7,339.494,16574
1,927,7,339.494,16607
1,928,7,339.494,16642
1,929,7,339.494,16677
1,930,7,339.494,16706
1,931,7,339.494,16738
1,932,7,339.494,16769
1,933,7,339.494,16802
1,934,7,339.494,16836
1,935,7,339.494,16869
1,936,7,339.494,16904
1,937,7,339.494,16938
1,938,7,339.494,16970
1,939,7,339.494,17002
1,940,7,339.494,17031
1,941,7,339.494,17064
1,942,7,339.494,17099
1,943,7,339.494,17132
1,944,7,339.494,17165
1,945,7,339.494,17198
1,946,7,339.494,17250
1,947,7,339.494,17280
1,948,7,339.494,17313
1,949,7,339.494,17347
1,950,7,339.494,17383
1,951,7,339.494,17417
1,952,7,339.494,17450
1,953,7,339.494,17482
1,954,7,339.494,17538
1,955,7,339.494,17572
1,956,7,339.494,17606
1,957,7,339.494,17640
1,958,7,339.494,17678
1,959,7,339.494,17711
1,960,7,339.494,17744
1,961,7,339.494,17774
1,962,7,339.494,17805
1,963,7,339.494,17839
1,964,7,339.494,17874
1,965,7,339.494,17910
1,966,7,339.494,17946
1,967,7,339.494,17979
1,968,7,339.494,18014
1,969,7,339.494,18071
1,970,7,339.494,18105
1,971,7,339.494,18140
1,972,7,339.494,18177
1,973,7,339.494,18214
1,974,7,339.494,18251
1,975,7,339.494,18285
1,976,7,339.494,18318
1,977,7,339.494,18350
1,978,7,339.494,18384
1,979,7,339.494,18419
1,980,7,339.494,18457
1,981,7,339.494,18495
1,982,7,339.494,18532
1,983,7,339.494,18563
1,984,7,339.494,18596
1,985,7,339.494,18629
1,986,7,339.494,18664
1,987,7,339.494,18698
1,988,7,339.494,18736
1,989,7,339.442,18779
1,990,6,339.442,18813
1,991,6,339.442,18847
1,992,6,339.442,18881
1,993,6,339.442,18917
1,994,6,339.442,18954
1,995,6,339.442,18992
1,996,6,339.442,19030
1,997,6,339.442,19142
1,998,6,339.442,19178
1,999,6,339.442,19217
1,1000,6,339.442,19252
1,1001,6,339.442,19283
1,1002,6,339.442,19315
1,1003,6,339.442,19350
1,1004,6,339.442,19385
1,1005,6,339.442,19421
1,1006,6,339.442,19459
1,1007,6,339.442,19493
1,1008,6,339.442,19524
1,1009,6,339.442,19612
1,1010,6,339.442,19649
1,1011,6,339.442,19689
1,1012,6,339.442,19727
1,1013,6,339.442,19811
1,1014,6,339.442,19850
1,1015,6,339.442,19889
1,1016,6,339.442,19925
1,1017,6,339.442,19963
1,1018,6,339.442,19995
1,1019,6,339.442,20031
1,1020,6,339.442,20066
1,1021,6,339.442,20103
1,1022,6,339.442,20143
1,1023,6,339.442,20182
1,1024,6,339.442,20221
1,1025,6,339.442,20257
1,1026,6,339.442,20319
1,1027,6,339.442,20356
1,1028,6,339.442,20396
1,1029,6,339.442,20433
1,1030,6,339.442,20472
1,1031,6,339.442,20535
1,1032,6,339.442,20571
1,1033,6,339.442,20607
1,1034,6,339.442,20647
1,1035,6,339.442,20683
1,1036,6,339.442,20723
1,1037,6,339.442,20810
1,1038,6,339.442,20847
1,1039,6,339.442,20888
1,1040,6,339.442,20924
1,1041,6,339.442,20964
1,1042,6,339.442,21000
1,1043,6,339.442,21037
1,1044,6,339.442,21073
1,1045,6,339.442,21110
1,1046,6,339.442,21147
1,1047,6,339.442,21186
1,1048,6,339.442,21224
1,1049,6,339.442,21260
1,1050,6,339.442,21295
1,1051,6,339.442,21328
1,1052,6,339.442,21368
1,1053,6,339.442,21409
1,1054,6,339.442,21450
1,1055,6,339.442,21490
1,1056,6,339.442,21527
1,1057,6,339.442,21560
1,1058,6,339.442,21598
1,1059,6,339.442,21636
1,1060,6,339.442,21677
1,1061,6,339.442,21719
1,1062,6,339.442,21756
1,1063,6,339.442,21793
1,1064,6,339.442,21829
1,1065,6,339.442,21865
1,1066,6,339.442,21903
1,1067,6,339.442,21944
1,1068,6,339.442,21986
1,1069,6,339.442,22022
1,1070,6,339.442,22059
1,1071,6,339.442,22124
1,1072,6,339.442,22162
1,1073,6,339.442,22203
1,1074,6,339.442,22245
1,1075,6,339.442,22286
1,1076,6,339.442,22352
1,1077,6,339.442,22385
1,1078,6,339.442,22423
1,1079,6,339.442,22465
1,1080,6,339.442,22507
1,1081,6,339.442,22547
1,1082,6,339.442,22609
1,1083,6,339.442,22647
1,1084,6,339.442,22685
1,1085,6,339.442,22728
1,1086,6,339.442,22765
1,1087,6,339.442,22806
1,1088,6,339.442,22843
1,1089,6,339.442,22879
1,1090,6,339.442,22916
1,1091,6,339.442,22955
1,1092,6,339.442,22997
1,1093,6,339.442,23035
1,1094,6,339.442,23072
1,1095,6,339.442,23107
1,1096,6,339.442,23145
1,1097,6,339.442,23212
1,1098,6,339.442,23252
1,1099,6,339.442,23293
1,1100,6,339.442,23335
1,1101,6,339.442,23370
1,1102,6,339.442,23408
1,1103,6,339.442,23476
1,1104,6,339.442,23520
1,1105,6,339.442,23563
1,1106,6,339.442,23603
1,1107,6,339.442,23668
1,1108,6,339.442,23702
1,1109,6,339.442,23741
1,1110,6,339.442,23782
1,1111,6,339.442,23825
1,1112,6,339.442,23866
1,1113,6,339.442,23933
1,1114,6,339.442,24001
1,1115,6,339.442,24041
1,1116,6,339.442,24085
1,1117,6,339.442,24127
1,1118,6,339.442,24195
1,1119,6,339.442,24234
1,1120,6,339.442,24274
1,1121,6,339.442,24315
1,1122,6,339.442,24357
1,1123,6,339.442,24395
1,1124,6,339.442,24465
1,1125,6,339.442,24504
1,1126,6,339.442,24543
1,1127,6,339.442,24586
1,1128,6,339.442,24626
1,1129,6,339.442,24669
1,1130,6,339.442,24710
1,1131,6,339.442,24779
1,1132,6,339.442,24819
1,1133,6,339.442,24863
1,1134,6,339.442,24905
1,1135,6,339.442,24948
1,1136,6,339.442,24985
1,1137,6,339.442,25021
1,1138,6,339.442,25060
1,1139,6,339.442,25100
1,1140,6,339.442,25142
1,1141,6,339.442,25184
1,1142,6,339.442,25227
1,1143,6,339.442,25292
1,1144,6,339.442,25328
1,1145,6,339.442,25369
1,1146,6,339.442,25412
1,1147,6,339.442,25454
1,1148,6,339.442,25498
1,1149,6,339.442,25537
1,1150,6,339.442,25578
1,1151,6,339.442,25619
1,1152,6,339.442,25660
1,1153,6,339.442,25702
1,1154,6,339.442,25747
1,1155,6,339.442,25786
1,1156,6,339.442,25826
1,1157,6,339.442,25896
1,1158,6,339.442,25937
1,1159,6,339.442,25982
1,1160,6,339.442,26029
1,1161,6,339.442,26072
1,1162,6,339.442,26110
1,1163,6,339.442,26146
1,1164,6,339.442,26183
1,1165,6,339.442,26225
1,1166,6,339.442,26267
1,1167,6,339.442,26312
1,1168,6,339.442,26357
1,1169,6,339.442,26428
1,1170,6,339.442,26470
1,1171,6,339.442,26531
1,1172,6,339.442,26578
1,1173,6,339.442,26623
1,1174,6,339.442,26668
1,1175,6,339.442,26707
1,1176,6,339.442,26749
1,1177,6,339.442,26788
1,1178,6,339.442,26830
1,1179,6,339.442,26875
1,1180,6,339.442,26917
1,1181,6,339.442,26963
1,1182,6,339.442,27034
1,1183,6,339.442,27075
1,1184,6,339.442,27117
1,1185,6,339.442,27160
1,1186,6,339.442,27203
1,1187,7,339.442,27247
1,1188,7,339.414,27287
1,1189,7,339.414,27328
1,1190,7,339.414,27365
1,1191,7,339.414,27404
1,1192,7,339.414,27447
1,1193,7,339.414,27491
1,1194,7,339.414,27535
1,1195,7,339.414,27579
1,1196,7,339.414,27621
1,1197,7,339.414,27721
1,1198,7,339.414,27763
1,1199,7,339.414,27810
1,1200,7,339.414,27857
1,1201,7,339.414,27902
1,1202,7,339.414,27971
1,1203,7,339.414,28013
1,1204,7,339.414,28052
1,1205,7,339.414,28095
1,1206,7,339.414,28142
1,1207,7,339.414,28185
1,1208,7,339.414,28229
1,1209,7,339.414,28270
1,1210,7,339.414,28371
1,1211,7,339.414,28415
1,1212,7,339.414,28461
1,1213,7,339.414,28508
1,1214,7,339.414,28551
1,1215,7,339.414,28594
1,1216,7,339.414,28632
1,1217,7,339.414,28672
1,1218,7,339.414,28710
1,1219,7,339.414,28754
1,1220,7,339.414,28797
1,1221,7,339.414,28844
1,1222,7,339.414,28889
1,1223,7,339.414,28932
1,1224,7,339.414,28976
1,1225,7,339.414,29018
1,1226,7,339.414,29057
1,1227,7,339.414,29100
1,1228,7,339.414,29146
1,1229,7,339.414,29193
1,1230,7,339.414,29234
1,1231,7,339.414,29310
1,1232,7,339.414,29352
1,1233,7,339.414,29391
1,1234,7,339.414,29435
1,1235,7,339.414,29483
1,1236,7,339.414,29530
1,1237,7,339.414,29575
1,1238,7,339.414,29649
1,1239,7,339.414,29683
1,1240,7,339.414,29722
1,1241,7,339.414,29765
1,1242,7,339.414,29814
1,1243,7,339.414,29856
1,1244,7,339.414,29901
1,1245,7,339.414,29943
1,1246,7,339.414,30050
1,1247,7,339.414,30095
1,1248,7,339.414,30143
1,1249,7,339.414,30191
1,1250,7,339.414,30236
1,1251,7,339.414,30310
1,1252,7,339.414,30348
1,1253,7,339.414,30388
1,1254,7,339.414,30433
1,1255,7,339.414,30478
1,1256,7,339.414,30527
1,1257,7,339.414,30569
1,1258,7,339.414,30613
1,1259,7,339.414,30718
1,1260,7,339.414,30763
1,1261,7,339.414,30811
1,1262,7,339.414,30858
1,1263,7,339.414,30904
1,1264,7,339.414,30947
1,1265,7,339.414,31051
1,1266,7,339.414,31097
1,1267,7,339.414,31146
1,1268,7,339.414,31195
1,1269,7,339.414,31242
1,1270,7,339.414,31286
1,1271,7,339.414,31331
1,1272,7,339.414,31376
1,1273,7,339.414,31417
1,1274,7,339.414,31463
1,1275,7,339.414,31513
1,1276,7,339.414,31563
1,1277,7,339.414,31606
1,1278,7,339.414,31652
1,1279,7,339.414,31693
1,1280,7,339.414,31738
1,1281,7,339.414,31780
1,1282,7,339.414,31825
1,1283,7,339.414,31874
1,1284,7,339.414,31919
1,1285,7,339.414,31964
1,1286,7,339.414,32043
1,1287,7,339.414,32084
1,1288,7,339.414,32125
1,1289,7,339.414,32172
1,1290,7,339.414,32221
1,1291,7,339.414,32270
1,1292,7,339.414,32320
1,1293,7,339.414,32366
1,1294,7,339.414,32445
1,1295,7,339.414,32488
1,1296,7,339.414,32534
1,1297,7,339.414,32581
1,1298,7,339.414,32627
1,1299,7,339.414,32671
1,1300,7,339.414,32717
1,1301,7,339.414,32827
1,1302,7,339.414,32874
1,1303,7,339.414,32924
1,1304,7,339.414,32975
1,1305,7,339.414,33022
1,1306,7,339.414,33100
1,1307,7,339.414,33145
1,1308,7,339.414,33187
1,1309,7,339.414,33233
1,1310,7,339.414,33283
1,1311,7,339.414,33331
1,1312,7,339.414,33379
1,1313,7,339.414,33423
1,1314,7,339.414,33469
1,1315,7,339.414,33544
1,1316,7,339.414,33592
1,1317,7,339.414,33643
1,1318,7,339.414,33690
1,1319,7,339.414,33739
1,1320,7,339.414,33820
1,1321,7,339.414,33895
1,1322,7,339.414,33943
1,1323,7,339.414,33994
1,1324,7,339.414,34042
1,1325,7,339.414,34090
1,1326,7,339.414,34235
1,1327,7,339.414,34284
1,1328,7,339.356,34339
1,1329,6,339.356,34391
1,1330,6,339.356,34442
1,1331,6,339.356,34482
1,1332,6,339.356,34528
1,1333,6,339.356,34575
1,1334,6,339.356,34624
1,1335,6,339.356,34671
1,1336,6,339.356,34722
1,1337,6,339.356,34773
1,1338,6,339.356,34819
1,1339,6,339.356,34867
1,1340,6,339.356,34951
1,1341,6,339.356,35003
1,1342,6,339.356,35055
1,1343,6,339.356,35106
1,1344,6,339.356,35183
1,1345,6,339.356,35266
1,1346,6,339.356,35318
1,1347,6,339.356,35367
1,1348,6,339.356,35419
1,1349,6,339.356,35500
1,1350,6,339.356,35585
1,1351,6,339.356,35634
1,1352,6,339.356,35698
1,1353,6,339.356,35754
1,1354,6,339.356,35839
1,1355,6,339.356,35926
1,1356,6,339.356,35980
1,1357,6,339.356,36031
1,1358,6,339.356,36084
1,1359,6,339.356,36134
1,1360,6,339.356,36182
1,1361,6,339.356,36230
1,1362,6,339.356,36281
1,1363,6,339.356,36335
1,1364,6,339.356,36386
1,1365,6,339.356,36441
1,1366,6,339.356,36489
1,1367,6,339.356,36573
1,1368,6,339.356,36624
1,1369,6,339.356,36679
1,1370,6,339.356,36732
1,1371,6,339.356,36789
1,1372,6,339.356,36841
1,1373,6,339.356,36890
1,1374,6,339.356,36938
1,1375,6,339.356,36990
1,1376,6,339.356,37045
1,1377,6,339.356,37096
1,1378,6,339.356,37150
1,1379,6,339.356,37201
1,1380,6,339.356,37283
1,1381,6,339.356,37334
1,1382,6,339.356,37387
1,1383,6,339.356,37443
1,1384,6,339.356,37498
1,1385,6,339.356,37581
1,1386,6,339.356,37632
1,1387,6,339.356,37684
1,1388,6,339.356,37737
1,1389,6,339.356,37790
1,1390,6,339.356,37838
1,1391,6,339.356,37923
1,1392,6,339.356,37969
1,1393,6,339.356,38021
1,1394,6,339.356,38076
1,1395,6,339.356,38122
1,1396,6,339.356,38172
1,1397,6,339.356,38220
1,1398,6,339.356,38272
1,1399,6,339.356,38322
1,1400,6,339.356,38374
1,1401,6,339.356,38428
1,1402,6,339.356,38484
1,1403,6,339.356,38532
1,1404,6,339.356,38584
1,1405,6,339.356,38634
1,1406,6,339.356,38684
1,1407,6,339.356,38736
1,1408,6,339.356,38792
1,1409,6,339.356,38850
1,1410,6,339.356,38902
1,1411,6,339.356,38992
1,1412,6,339.356,39044
1,1413,6,339.356,39097
1,1414,6,339.356,39154
1,1415,6,339.356,39210
1,1416,6,339.356,39266
1,1417,6,339.356,39388
1,1418,6,339.356,39441
1,1419,6,339.356,39491
1,1420,6,339.356,39548
1,1421,6,339.356,39600
1,1422,6,339.356,39687
1,1423,6,339.356,39735
1,1424,6,339.356,39788
1,1425,6,339.356,39846
1,1426,6,339.356,39900
1,1427,6,339.356,39952
1,1428,6,339.356,40002
1,1429,6,339.356,40091
1,1430,6,339.356,40143
1,1431,6,339.356,40199
1,1432,6,339.356,40254
1,1433,6,339.356,40310
1,1434,6,339.356,40363
1,1435,6,339.356,40416
1,1436,6,339.356,40507
1,1437,6,339.356,40565
1,1438,6,339.356,40619
1,1439,6,339.356,40669
1,1440,6,339.356,40715
1,1441,6,339.356,40758
1,1442,6,339.356,40801
1,1443,6,339.356,40854
1,1444,6,339.356,40912
1,1445,6,339.356,40969
1,1446,6,339.356,41022
1,1447,6,339.356,41074
1,1448,6,339.356,41165
1,1449,6,339.356,41219
1,1450,6,339.356,41274
1,1451,6,339.356,41330
1,1452,6,339.356,41383
1,1453,6,339.356,41436
1,1454,6,339.356,41489
1,1455,6,339.356,41537
1,1456,6,339.356,41591
1,1457,6,339.356,41650
1,1458,6,339.356,41708
1,1459,6,339.356,41767
1,1460,6,339.356,41857
1,1461,6,339.356,41950
1,1462,6,339.356,42003
1,1463,6,339.356,42062
1,1464,6,339.356,42118
1,1465,6,339.356,42209
1,1466,6,339.356,42262
1,1467,6,339.356,42317
1,1468,6,339.356,42373
1,1469,6,339.356,42433
1,1470,6,339.356,42482
1,1471,6,339.356,42533
1,1472,6,339.356,42578
1,1473,6,339.356,42672
1,1474,6,339.356,42732
1,1475,6,339.356,42783
1,1476,6,339.356,42835
1,1477,6,339.356,42890
1,1478,6,339.356,42941
1,1479,6,339.356,42995
1,1480,6,339.356,43050
1,1481,6,339.356,43110
1,1482,6,339.356,43170
1,1483,6,339.356,43230
1,1484,6,339.356,43317
1,1485,6,339.356,43366
1,1486,6,339.356,43421
1,1487,6,339.356,43477
1,1488,6,339.356,43534
1,1489,6,339.356,43587
1,1490,6,339.356,43675
1,1491,6,339.356,43720
1,1492,6,339.356,43775
1,1493,6,339.356,43834
1,1494,6,339.356,43889
1,1495,6,339.356,43941
1,1496,6,339.356,43995
1,1497,6,339.356,44089
1,1498,6,339.356,44145
1,1499,6,339.356,44205
1,1500,6,339.356,44263
1,1501,6,339.356,44315
1,1502,6,339.356,44370
1,1503,6,339.356,44422
1,1504,6,339.356,44475
1,1505,6,339.356,44531
1,1506,6,339.356,44589
1,1507,6,339.356,44649
1,1508,6,339.356,44705
1,1509,6,339.356,44752
1,1510,6,339.356,44804
1,1511,6,339.356,44859
1,1512,6,339.356,44916
1,1513,6,339.356,44977
1,1514,6,339.356,45037
1,1515,6,339.356,45091
1,1516,6,339.356,45229
1,1517,6,339.356,45286
1,1518,6,339.356,45346
1,1519,6,339.356,45406
1,1520,6,339.356,45466
1,1521,6,339.356,45520
1,1522,6,339.356,45576
1,1523,6,339.356,45630
1,1524,6,339.356,45687
1,1525,6,339.356,45745
1,1526,6,339.356,45802
1,1527,6,339.356,45853
1,1528,6,339.356,45903
1,1529,6,339.356,45957
1,1530,6,339.356,46055
1,1531,6,339.356,46115
1,1532,6,339.356,46171
1,1533,6,339.356,46233
1,1534,6,339.356,46368
1,1535,6,339.356,46425
1,1536,6,339.356,46486
1,1537,6,339.356,46548
1,1538,6,339.356,46609
1,1539,6,339.356,46664
1,1540,6,339.356,46716
1,1541,6,339.356,46771
1,1542,6,339.356,46828
1,1543,6,339.356,46884
1,1544,6,339.356,46943
1,1545,6,339.356,47005
1,1546,6,339.356,47101
1,1547,6,339.356,47199
1,1548,6,339.356,47255
1,1549,6,339.356,47318
1,1550,6,339.356,47380
1,1551,6,339.356,47438
1,1552,6,339.356,47486
1,1553,6,339.356,47585
1,1554,6,339.224,47652
1,1555,6,339.224,47714
1,1556,6,339.224,47767
1,1557,6,339.224,47823
1,1558,6,339.224,47921
1,1559,6,339.224,47978
1,1560,6,339.224,48038
1,1561,6,339.224,48101
1,1562,6,339.224,48165
1,1563,6,339.224,48214
1,1564,6,339.224,48270
1,1565,6,339.224,48323
1,1566,6,339.224,48381
1,1567,6,339.224,48439
1,1568,6,339.205,48500
1,1569,6,339.205,48567
1,1570,6,339.205,48623
1,1571,6,339.205,48680
1,1572,6,339.205,48737
1,1573,6,339.205,48795
1,1574,6,339.205,48859
1,1575,6,339.205,48922
1,1576,6,339.205,48977
1,1577,6,339.205,49033
1,1578,6,339.122,49089
1,1579,6,339.122,49189
1,1580,6,339.122,49247
1,1581,6,339.122,49313
1,1582,6,339.122,49387
1,1583,6,339.122,49487
1,1584,6,339.122,49545
1,1585,6,339.122,49605
1,1586,6,339.122,49669
1,1587,6,339.122,49727
1,1588,6,339.122,49793
1,1589,6,339.122,49850
1,1590,6,339.122,49906
1,1591,6,339.122,49964
1,1592,6,339.122,50024
1,1593,6,339.118,50088
1,1594,6,339.118,50153
1,1595,6,339.118,50214
1,1596,6,339.118,50272
1,1597,6,339.118,50374
1,1598,6,339.118,50433
1,1599,6,339.118,50494
1,1600,6,339.118,50558
1,1601,6,339.118,50614
1,1602,6,339.118,50662
1,1603,6,339.118,50719
1,1604,6,339.118,50772
1,1605,6,339.118,50832
1,1606,6,339.118,50890
1,1607,6,339.118,50955
1,1608,6,339.118,51021
1,1609,6,339.118,51077
1,1610,6,339.118,51135
1,1611,6,339.118,51238
1,1612,6,339.118,51300
1,1613,6,339.118,51360
1,1614,6,339.118,51425
1,1615,6,339.118,51484
1,1616,6,339.118,51542
1,1617,6,339.118,51600
1,1618,6,339.118,51660
1,1619,6,339.118,51725
1,1620,6,339.118,51786
1,1621,6,339.118,51852
1,1622,6,339.118,51906
1,1623,6,339.118,51967
1,1624,6,339.118,52025
1,1625,6,339.118,52085
1,1626,6,339.118,52151
1,1627,6,339.118,52211
1,1628,6,339.118,52276
1,1629,6,339.118,52335
1,1630,6,339.118,52387
1,1631,6,339.118,52447
1,1632,6,339.118,52510
1,1633,6,339.118,52571
1,1634,6,339.118,52634
1,1635,6,339.118,52696
1,1636,6,339.118,52753
1,1637,6,339.118,52849
1,1638,6,339.118,52909
1,1639,6,339.118,52974
1,1640,6,339.118,53039
1,1641,6,339.118,53098
1,1642,6,339.118,53192
1,1643,6,339.118,53297
1,1644,6,339.118,53362
1,1645,6,339.118,53423
1,1646,6,339.118,53491
1,1647,6,339.118,53548
1,1648,6,339.118,53608
1,1649,6,339.118,53665
1,1650,6,339.118,53726
1,1651,6,339.118,53787
1,1652,6,339.116,53852
1,1653,6,339.116,53909
1,1654,6,339.116,54056
1,1655,6,339.116,54117
1,1656,6,339.116,54182
1,1657,6,339.116,54244
1,1658,6,339.116,54310
1,1659,6,339.116,54369
1,1660,6,339.116,54422
1,1661,6,339.116,54482
1,1662,6,339.116,54544
1,1663,6,339.116,54610
1,1664,6,339.116,54673
1,1665,6,339.116,54739
1,1666,6,339.116,54837
1,1667,6,339.116,54943
1,1668,6,339.116,55012
1,1669,6,339.116,55073
1,1670,6,339.116,55140
1,1671,6,339.116,55196
1,1672,6,339.116,55251
1,1673,6,339.116,55312
1,1674,6,339.116,55374
1,1675,6,339.116,55442
1,1676,6,339.116,55506
1,1677,6,339.116,55574
1,1678,6,339.116,55635
1,1679,6,339.116,55695
1,1680,6,339.116,55801
1,1681,6,339.116,55868
1,1682,6,339.116,55934
1,1683,6,339.116,56002
1,1684,6,339.116,56154
1,1685,6,339.116,56216
1,1686,6,339.116,56283
1,1687,6,339.116,56349
1,1688,6,339.116,56405
1,1689,6,339.116,56554
1,1690,6,339.116,56617
1,1691,6,339.116,56680
1,1692,6,339.116,56748
1,1693,6,339.116,56815
1,1694,6,339.116,56874
1,1695,6,339.116,56980
1,1696,6,339.116,57042
1,1697,6,339.116,57105
1,1698,6,339.116,57168
1,1699,6,339.116,57234
1,1700,6,339.116,57297
1,1701,6,339.116,57352
1,1702,6,339.116,57461
1,1703,6,339.116,57519
1,1704,6,339.116,57586
1,1705,6,339.116,57651
1,1706,6,339.116,57711
1,1707,6,339.116,57772
1,1708,6,339.116,57831
1,1709,6,339.116,57894
1,1710,6,339.116,57956
1,1711,6,339.116,58024
1,1712,6,339.116,58088
1,1713,6,339.116,58144
1,1714,6,339.116,58206
1,1715,6,339.116,58267
1,1716,6,339.116,58330
1,1717,6,339.116,58400
1,1718,6,339.116,58470
1,1719,6,339.116,58528
1,1720,6,339.116,58590
1,1721,6,339.116,58652
1,1722,6,339.116,58715
1,1723,6,339.116,58778
1,1724,6,339.116,58847
1,1725,6,339.116,58914
1,1726,6,339.116,58972
1,1727,6,339.116,59034
1,1728,6,339.116,59091
1,1729,6,339.116,59201
1,1730,6,339.116,59271
1,1731,6,339.116,59332
1,1732,6,339.116,59396
1,1733,6,339.116,59460
1,1734,6,339.116,59517
1,1735,6,339.116,59627
1,1736,6,339.116,59690
1,1737,6,339.116,59752
1,1738,6,339.116,59813
1,1739,6,339.116,59875
1,1740,6,339.116,59980
1,1741,6,339.116,60044
1,1742,6,339.116,60114
1,1743,6,339.116,60178
1,1744,6,339.116,60247
1,1745,6,339.116,60356
1,1746,6,339.116,60418
1,1747,6,339.116,60482
1,1748,6,339.116,60544
1,1749,6,339.116,60613
1,1750,6,339.116,60682
1,1751,6,339.116,60738
1,1752,6,339.116,60801
1,1753,6,339.116,60913
1,1754,6,339.116,60982
1,1755,6,339.116,61048
1,1756,6,339.116,61118
1,1757,6,339.116,61181
1,1758,6,339.116,61245
1,1759,6,339.116,61310
1,1760,6,339.094,61375
1,1761,6,339.094,61445
1,1762,6,339.094,61516
1,1763,6,339.094,61582
1,1764,6,339.094,61647
1,1765,6,339.094,61757
1,1766,6,339.094,61822
1,1767,6,339.094,61893
1,1768,6,339.094,61957
1,1769,6,339.094,62025
1,1770,6,339.094,62083
1,1771,6,339.094,62144
1,1772,6,339.094,62204
1,1773,6,339.094,62268
1,1774,6,339.094,62334
1,1775,6,339.094,62406
1,1776,6,339.094,62467
1,1777,6,339.094,62529
1,1778,6,339.094,62593
1,1779,6,339.094,62657
1,1780,6,339.094,62723
1,1781,6,339.094,62795
1,1782,6,339.094,62864
1,1783,6,339.094,62923
1,1784,6,339.094,62979
1,1785,6,339.094,63043
1,1786,6,339.094,63104
1,1787,6,339.094,63169
1,1788,6,339.094,63238
1,1789,6,339.094,63308
1,1790,6,339.094,63372
1,1791,6,339.094,63436
1,1792,6,339.094,63495
1,1793,6,339.094,63561
1,1794,6,339.094,63626
1,1795,6,339.094,63698
1,1796,6,339.094,63771
1,1797,6,339.094,63833
1,1798,6,339.094,63897
1,1799,6,339.094,64004
1,1800,6,339.094,64069
1,1801,6,339.094,64142
1,1802,6,339.094,64211
1,1803,6,339.094,64285
1,1804,6,339.094,64343
1,1805,6,339.094,64408
1,1806,6,339.094,64473
1,1807,6,339.094,64540
1,1808,6,339.094,64607
1,1809,6,339.094,64671
1,1810,6,339.094,64735
1,1811,6,339.094,64798
1,1812,6,339.094,64906
1,1813,6,339.094,64972
1,1814,6,339.094,65043
1,1815,6,339.094,65107
1,1816,6,339.094,65179
1,1817,6,339.094,65244
1,1818,6,339.094,65358
1,1819,6,339.094,65425
1,1820,6,339.094,65490
1,1821,6,339.094,65563
1,1822,6,339.094,65636
1,1823,6,339.094,65750
1,1824,6,339.094,65815
1,1825,6,339.094,65882
1,1826,6,339.094,65955
1,1827,6,339.094,66026
1,1828,6,339.094,66087
1,1829,6,339.094,66152
1,1830,6,339.094,66218
1,1831,6,339.094,66284
1,1832,6,339.094,66351
1,1833,6,339.094,66419
1,1834,6,339.094,66487
1,1835,6,339.094,66562
1,1836,6,339.094,66623
1,1837,6,339.094,66689
1,1838,6,339.094,66755
1,1839,6,339.094,66823
1,1840,6,339.094,66897
1,1841,6,339.094,66970
1,1842,6,339.094,67041
1,1843,6,339.094,67107
1,1844,6,339.094,67173
1,1845,6,339.094,67289
1,1846,6,339.094,67363
1,1847,6,339.094,67437
1,1848,6,339.094,67505
1,1849,6,339.094,67567
1,1850,6,339.094,67628
1,1851,6,339.094,67691
1,1852,6,339.094,67759
1,1853,6,339.094,67834
1,1854,6,339.094,67909
1,1855,6,339.094,67982
1,1856,6,339.094,68051
1,1857,6,339.094,68116
1,1858,6,339.094,68176
1,1859,6,339.094,68244
1,1860,6,339.094,68316
1,1861,6,339.094,68386
1,1862,6,339.094,68454
1,1863,6,339.094,68521
1,1864,6,339.094,68589
1,1865,6,339.094,68708
1,1866,6,339.094,68781
1,1867,6,339.094,68857
1,1868,6,339.094,68920
1,1869,6,339.094,68988
1,1870,6,339.094,69104
1,1871,6,339.094,69173
1,1872,6,339.094,69242
1,1873,6,339.094,69311
1,1874,6,339.094,69384
1,1875,6,339.094,69553
1,1876,6,339.094,69623
1,1877,6,339.094,69697
1,1878,6,339.094,69772
1,1879,6,339.094,69837
1,1880,6,339.094,69900
1,1881,6,339.094,70013
1,1882,6,339.094,70081
1,1883,6,339.094,70151
1,1884,6,339.094,70225
1,1885,6,339.094,70302
1,1886,6,339.094,70419
1,1887,6,339.094,70488
1,1888,6,339.094,70557
1,1889,6,339.094,70633
1,1890,6,339.094,70706
1,1891,6,339.094,70781
1,1892,6,339.094,70849
1,1893,6,339.094,70917
1,1894,6,339.094,70986
1,1895,6,339.094,71056
1,1896,6,339.094,71129
1,1897,6,339.094,71201
1,1898,6,339.094,71276
1,1899,6,339.094,71344
1,1900,6,339.094,71407
1,1901,6,339.094,71468
1,1902,6,339.094,71538
1,1903,6,339.094,71612
1,1904,6,339.094,71688
1,1905,6,339.094,71762
1,1906,6,339.094,71876
1,1907,6,339.094,71945
1,1908,6,339.094,72015
1,1909,6,339.094,72087
1,1910,6,339.094,72158
1,1911,6,339.094,72234
1,1912,6,339.094,72304
1,1913,6,339.094,72376
1,1914,6,339.094,72446
1,1915,6,339.094,72516
1,1916,6,339.094,72592
1,1917,6,339.094,72666
1,1918,6,339.094,72732
1,1919,6,339.094,72853
1,1920,6,339.094,72917
1,1921,6,339.094,72987
1,1922,6,339.094,73058
1,1923,6,339.094,73134
1,1924,6,339.094,73211
1,1925,6,339.094,73281
1,1926,6,339.094,73395
1,1927,6,339.094,73465
1,1928,6,339.094,73538
1,1929,6,339.094,73615
1,1930,6,339.094,73693
1,1931,6,339.094,73763
1,1932,6,339.094,73827
1,1933,6,339.094,73895
1,1934,6,339.094,73966
1,1935,6,339.094,74043
1,1936,6,339.094,74121
1,1937,6,339.094,74198
1,1938,6,339.094,74422
1,1939,6,339.094,74497
1,1940,6,339.094,74572
1,1941,6,339.094,74650
1,1942,6,339.094,74718
1,1943,6,339.094,74783
1,1944,6,339.094,74852
1,1945,6,339.094,74923
1,1946,6,339.094,74999
1,1947,6,339.094,75067
1,1948,6,339.094,75135
1,1949,6,339.094,75199
1,1950,6,339.094,75270
1,1951,6,339.094,75335
1,1952,6,339.094,75407
1,1953,6,339.094,75479
1,1954,6,339.094,75555
1,1955,6,339.094,75628
1,1956,6,339.094,75690
1,1957,6,339.094,75762
1,1958,6,339.094,75831
1,1959,6,339.094,75903
1,1960,6,339.094,75975
1,1961,6,339.094,76048
1,1962,6,339.094,76126
1,1963,6,339.094,76193
1,1964,6,339.094,76263
1,1965,6,339.094,76335
1,1966,6,339.094,76409
1,1967,6,339.094,76478
1,1968,6,339.094,76555
1,1969,6,339.094,76630
1,1970,6,339.094,76698
1,1971,6,339.094,76769
1,1972,6,339.094,76833
1,1973,6,339.094,76906
1,1974,6,339.094,76980
1,1975,6,339.094,77051
1,1976,6,339.094,77131
1,1977,6,339.094,77199
1,1978,6,339.094,77271
1,1979,6,339.094,77341
1,1980,6,339.094,77413
1,1981,6,339.094,77485
1,1982,6,339.094,77561
1,1983,6,339.094,77631
1,1984,6,339.094,77700
1,1985,6,339.094,77772
1,1986,6,339.094,77838
1,1987,6,339.094,77911
1,1988,6,339.094,77984
1,1989,6,339.094,78064
1,1990,6,339.094,78143
1,1991,6,339.094,78261
1,1992,6,339.094,78334
1,1993,6,339.094,78407
1,1994,6,339.094,78481
1,1995,6,339.094,78554
1,1996,6,339.094,78633
1,1997,6,339.094,78703
1,1998,6,339.094,78775
1,1999,6,339.094,78849
1,2000,6,339.094,78921
